time_tick,acc_X_value,acc_Y_value,acc_Z_value
0.010779,-0.819445,-5.822457,-9.601840
0.043964,-1.485954,-6.847512,-7.192588
0.077332,-2.524327,-6.767004,-7.172237
0.110804,0.781884,-6.200904,-7.995572
0.144719,2.392940,-4.906643,-8.646369
0.177318,-0.473919,-4.663622,-9.861171
0.210734,0.990187,-4.896766,-8.569752
0.244062,-0.424836,-5.644083,-8.629609
0.277347,0.190196,-5.519131,-8.087902
0.310691,-1.366839,-5.046708,-8.106308
0.344112,-1.567809,-5.386996,-9.013294
0.377343,-1.146265,-6.613021,-9.315124
0.410692,-0.909081,-6.470112,-8.750371
0.444287,-2.902175,-3.548184,-5.209370
0.477409,0.110885,-6.035998,-8.134291
0.510733,-1.668070,-6.792593,-7.298535
0.543964,-1.907349,-6.351296,-4.428234
0.577419,-2.205887,-5.997240,-6.637114
0.610650,-4.814313,-6.389455,0.852965
0.644008,-4.046944,-4.999720,-7.241222
0.677341,-2.352387,-5.908652,-8.988004
0.710634,-2.156505,-5.246332,-6.142095
0.744001,-5.451792,-6.598805,-8.107954
0.777343,-4.257192,-4.919811,-7.317540
0.810654,-5.853733,-3.511521,-8.003354
0.844011,-9.030503,-0.421095,-13.491509
0.877348,-7.882891,-3.907327,-9.542431
0.910661,-6.107976,-4.219781,6.707595
0.944012,-3.762024,-1.778806,-4.278741
0.977392,-7.007779,1.422655,0.482898
1.010769,-5.084418,4.833916,0.777545
1.043972,-0.502950,4.579074,-4.551091
1.077346,-3.113621,5.614154,-3.328358
1.110665,-0.903843,7.083050,-3.098208
1.143973,-10.975113,9.140939,-2.944824
1.177343,-11.357600,9.407603,-0.924644
1.210624,-14.258279,8.312516,-0.808670
1.244008,-16.440522,8.013829,-0.649151
1.277341,-23.102477,5.929302,-0.890675
1.310734,-17.965234,1.060968,-8.489244
1.344012,-15.568104,4.203919,-5.410490
1.377340,-7.706612,8.390929,-2.372439
1.410753,-10.383874,7.047734,5.239448
1.443981,-10.792549,9.557695,8.174994
1.477319,-9.121486,10.920044,-4.146007
1.510731,-3.040146,12.989906,2.804010
1.543966,-5.668026,3.891166,-8.457071
1.577342,-12.514789,9.121635,-1.974988
1.610674,-5.755866,5.166273,-4.698639
1.644012,-7.088886,3.602055,1.165868
1.677343,-6.542839,3.073068,-1.262388
1.710638,-4.700584,3.119158,-0.932425
1.744010,-1.080272,2.489161,-1.864701
1.777340,-4.813116,1.637543,-5.694513
1.810669,-6.375089,5.186026,1.261640
1.844013,-12.068704,3.434156,-3.973020
1.877305,-14.549634,2.308691,-9.428553
1.910664,-12.738655,4.006540,-2.362264
1.944009,-9.973702,4.107849,-1.372824
1.977345,-12.051794,4.867586,-1.831480
2.010774,-10.225851,5.786244,5.786244
2.043974,-6.928319,3.768758,-1.180683
2.077452,-2.579545,4.848132,0.061952
2.110699,0.263372,4.071485,-2.210226
2.144015,-4.051583,4.850826,3.297083
2.177415,-3.812304,9.293575,-1.026700
2.210674,-8.248469,14.962050,6.412948
2.244013,-11.224119,13.627534,-4.757299
2.277362,-10.327159,9.242996,-11.170846
2.310721,-1.481465,6.083734,-1.501667
2.343983,-4.293406,5.521974,-2.415686
2.377493,-9.357024,6.607335,2.217708
2.410715,-7.861492,10.086384,1.163474
2.444000,-8.451085,9.425111,-0.334602
2.477451,-12.126765,13.293681,-1.447347
2.510640,-4.320192,9.068063,-0.965945
2.543971,-6.658961,11.794558,-2.663046
2.577276,-5.877676,15.279143,9.318715
2.610831,-6.905573,10.995764,-1.552546
2.644014,-4.504552,12.731023,-1.660438
2.677310,-1.747680,12.282543,-3.390760
2.710677,0.449228,6.080442,0.060007
2.744010,-1.048249,5.343301,0.944097
2.777307,-3.442985,4.201675,0.588246
2.810725,-2.583585,2.467163,-0.440998
2.843971,-2.427508,2.230278,0.133631
2.877281,-2.425114,3.554319,-3.012911
2.910685,-1.502864,6.478193,-11.380645
2.944008,-8.763390,14.005682,-12.997537
2.977282,-4.320342,13.004571,-10.571227
3.010675,-2.355530,6.493307,-12.084715
3.043972,-5.303645,10.013956,7.073024
3.077343,-2.889456,14.738932,-3.961049
3.110674,-3.973320,11.558720,-5.215506
3.143965,-7.963848,10.017099,1.829086
3.177332,-1.668818,6.194919,-0.391616
3.210636,-6.291588,8.993541,-1.727777
3.244007,-2.961733,6.890609,-1.172303
3.277584,0.895164,4.459210,-2.336226
3.310676,-2.735772,6.516052,0.021848
3.343964,-7.564750,7.626104,-1.438667
3.377346,-5.617147,8.445848,-1.188464
3.410667,-3.699174,8.953437,-6.830752
3.444119,-9.220849,11.267216,0.052674
3.477306,-9.185383,10.978405,-0.169695
3.510697,-8.137135,9.721554,-1.510496
3.543972,-7.468829,11.394712,-0.484694
3.577307,-7.990185,14.396250,2.858928
3.610669,-7.857601,16.115049,2.755525
3.643977,-4.610948,15.709367,-0.438005
3.677318,-0.604109,12.440566,-0.356898
3.710681,-0.261726,5.959381,-3.571079
3.743959,-2.717217,4.316152,-0.478409
3.777306,-2.728290,2.716768,0.397302
3.810666,-3.052417,2.207383,0.663517
3.843972,-2.161742,2.733528,0.251699
3.877337,-2.340865,3.822629,-3.888771
3.910657,-1.205374,5.034138,-9.823461
3.944002,-3.767411,9.688782,-11.927291
3.977434,-6.050064,13.973359,-11.469084
4.010630,-2.578797,8.694554,-13.969019
4.043974,-9.881373,14.058356,-5.359312
4.077289,-7.235985,12.819462,16.067014
4.110668,0.019304,8.598783,-10.833850
4.144101,-3.926332,8.822499,2.943776
4.177283,-4.512483,9.127023,-1.610607
4.210720,-8.046002,9.009553,-1.860960
4.244010,-1.384796,4.041706,-2.686241
4.277379,-0.622365,3.319679,-2.213369
4.310742,-3.362926,4.041557,-1.958976
4.343968,-6.125035,6.920687,1.494933
4.377330,-3.577215,8.430884,-1.362798
4.410859,-6.745305,9.496042,-4.158278
4.443971,-7.925090,10.156865,-0.595429
4.477377,-6.945079,11.250456,-2.179699
4.510676,-7.643762,9.167426,-0.063000
4.543974,-10.064985,12.130357,-2.010303
4.577304,-8.642628,14.572679,8.307129
4.610726,-7.588693,12.782800,1.280644
4.643972,-4.645067,14.377096,-0.795053
4.677396,-2.569818,12.156394,-2.092457
4.710673,-3.491469,9.239255,0.855060
4.744005,-2.705096,3.335841,-0.870174
4.777334,-1.459468,1.990251,0.753003
4.810840,-1.338556,1.759053,1.217345
4.844011,-2.162191,2.125079,0.067639
4.877278,-2.675466,3.964790,-3.031766
4.910668,-2.556799,6.277522,-10.681514
4.944007,-4.645366,12.355569,-7.955169
4.977293,-6.697120,14.937509,-12.620587
5.010669,-4.905745,10.134120,-14.974470
5.043979,-8.588308,13.964231,9.960384
5.077254,4.765978,10.206996,9.691326
5.110677,-0.695241,8.883853,-12.250370
5.143946,-3.374748,8.454826,5.071848
5.177276,-6.116057,8.554040,-4.310016
5.210659,-6.549872,7.234189,-0.689106
5.243946,-1.710419,3.694834,-0.161165
5.277273,-1.951194,4.326776,-1.799606
5.310670,-3.468574,5.584675,-0.247958
5.344018,-5.016929,7.791010,1.544914
5.377301,-5.874683,9.467311,-4.882400
5.410682,-7.368269,8.708172,-1.405746
5.443928,-7.878851,9.415833,-1.127560
5.477277,-9.998094,10.244556,-1.356214
5.510640,-10.077704,9.390394,-0.446235
5.544087,-8.402152,10.416197,-0.253346
5.577305,-4.450830,11.761936,8.804991
5.610713,-8.339751,13.007713,-1.346338
5.643975,-5.319956,16.618448,1.030292
5.677304,-2.429753,13.140147,-1.455577
5.710674,-2.499935,7.607997,-2.339069
5.744061,0.268160,3.283765,-0.538116
5.777345,-3.004381,2.708837,0.741930
5.810629,-4.253451,3.330154,0.876908
5.844014,-1.476976,3.154324,-0.521655
5.877298,-1.070546,3.869767,-1.656098
5.910643,-1.170058,5.988860,-5.927956
5.944009,-0.556522,9.146775,-12.455830
5.977385,-7.080356,16.013292,-10.553120
6.010796,-3.411111,11.910381,-14.031570
6.044107,-10.885327,9.687435,-3.175723
6.077305,-7.039504,13.793189,5.465858
6.110672,1.280046,10.512866,-2.514450
6.159358,-2.938838,8.648315,2.380670
6.177311,-3.182457,8.410682,-0.975822
6.210812,-6.989822,9.133757,-0.102954
6.243927,-3.522595,5.225083,0.351661
6.277256,0.391017,4.086899,-1.899867
6.310660,-2.173564,5.672964,-1.602077
6.343928,-5.296911,6.881780,-1.681388
6.377269,-3.480396,8.375965,0.884689
6.410607,-6.156610,10.225551,-5.308584
6.443932,-7.116869,9.654514,-3.929324
6.477280,-7.239127,10.470068,0.517465
6.510706,-10.590680,10.393451,-1.663730
6.544008,-8.296205,11.103806,-1.018470
6.577380,-7.285666,13.916046,9.428254
6.610672,-9.099488,12.052842,1.730621
6.644010,-6.688292,15.517375,0.818996
6.677299,-1.500021,12.769482,-0.033670
6.710737,-1.081919,8.512888,-3.138611
6.744057,-1.057676,5.542775,-1.662982
6.777306,-3.528880,4.005044,0.593035
6.810665,-2.274274,2.052203,1.188764
6.843963,-1.693659,2.152015,0.862542
6.877304,-1.959275,3.742570,-1.950745
6.910787,-1.235751,5.744194,-10.379983
6.943964,-1.615096,8.176640,-9.945420
6.977348,-6.852899,14.317239,-9.399822
7.010671,-3.007374,12.141280,-8.371475
7.043963,-12.034286,11.396358,-10.990975
7.077349,-7.620567,12.940673,18.197779
7.110717,9.016436,9.149768,-2.498139
7.144064,-6.281113,11.527146,-6.970817
7.177136,-0.959810,7.592135,0.333704
7.210637,-7.361236,7.397001,-2.856085
7.244077,-5.077834,5.208173,-0.011971
7.277295,-1.184125,4.503056,0.003143
7.310646,-5.206527,6.053955,-2.526123
7.344098,-5.266833,6.385115,-1.420261
7.377256,-3.734340,8.608510,1.425050
7.410817,-8.268521,9.951406,-5.376821
7.444031,-6.587133,10.584096,-0.503549
7.477311,-7.668303,11.306871,-3.609238
7.510677,-9.847254,11.230254,0.643614
7.543994,-11.849477,11.317795,-1.264633
7.577298,-5.402410,14.086639,8.498522
7.610679,-2.328145,12.568810,7.042496
7.643992,-5.079480,14.082299,-2.494099
7.677295,-3.759330,11.892424,-1.098230
7.710679,-2.228183,7.827972,-0.395806
7.743999,-1.568557,4.848581,0.108940
7.777382,-2.308093,3.513766,0.310958
7.810639,-2.061930,2.229381,0.532579
7.844045,-0.809269,2.278164,0.623712
7.877656,-2.992709,4.182520,-4.471631
7.910617,-1.981123,6.799327,-12.035184
7.943988,-2.494698,10.600407,-9.789941
7.977303,-6.030461,14.235085,-10.981548
8.010638,-2.114305,10.517505,-14.288357
8.044050,-9.390993,12.460020,-3.417546
8.077350,-1.862306,12.356766,13.366557
8.110642,3.643656,8.949247,-15.894176
8.144096,-8.414722,12.116589,6.531316
8.177388,-1.674954,6.531316,-1.710419
8.210677,-7.685811,7.879150,0.686861
8.244069,-5.303496,5.337016,0.126748
8.277385,-1.338407,4.132240,-2.443370
8.310712,-2.292829,6.049166,-0.091282
8.344056,-3.730898,7.692845,-0.119415
8.377524,-2.976697,8.758901,-1.393625
8.410588,-8.350226,9.876734,-1.347535
8.444040,-8.727027,10.035355,-1.504660
8.477291,-8.030439,10.329104,-2.895741
8.510642,-9.684742,11.122960,1.114092
8.544082,-8.947301,12.283741,-3.406921
8.577340,-3.774145,14.151135,11.223221
8.610629,-3.440890,14.687306,-0.511629
8.644080,-2.549018,14.395801,1.270768
8.677319,-2.842019,11.256442,-1.658942
8.710742,-3.011864,7.609344,0.573282
8.744061,-3.359634,5.476932,-0.482000
8.777297,-2.731133,3.656974,-0.352259
8.810783,-0.691799,2.358074,0.762281
8.843979,-0.838001,1.778656,0.402091
8.877435,-1.115738,2.992260,-1.860660
8.910791,-3.260720,5.707382,-13.128924
8.944042,-6.004872,14.884685,-12.548309
8.977392,-0.453418,13.447514,-7.221020
9.010660,-9.620695,9.688633,-15.272410
9.044295,-8.532641,12.090252,7.164006
9.077333,2.913847,11.816256,9.916688
9.110717,-5.988711,11.311810,-4.627708
9.144056,-2.181196,7.886183,0.312006
9.177280,-5.033091,8.086256,-2.108768
9.210752,-5.739855,6.942535,-0.078263
9.244040,-2.312432,4.866538,-0.963401
9.277300,-1.648467,4.869232,-2.765252
9.310767,-2.605882,6.847961,-0.086194
9.344140,-3.315938,7.454613,-0.217880
9.377301,-3.025182,8.319100,-1.370879
9.423233,-10.402280,10.825470,-4.169352
9.444061,-9.248533,10.665651,-2.661400
9.477275,-7.906385,9.171317,0.169097
9.510688,-9.512503,10.673732,3.166145
9.555625,-8.227519,15.881157,-0.047437
9.579439,-7.533774,17.033557,5.591708
9.610979,-4.434968,16.601538,-0.699581
9.644171,-0.381590,13.434046,-0.065993
9.677693,-2.513253,9.099039,-0.864787
9.710801,-4.435866,4.920859,-0.794903
9.744653,-3.212086,2.456688,-0.449827
9.777481,-1.693060,1.114541,-0.023045
9.811135,-0.316944,2.069861,1.141776
9.844290,-0.578071,3.378040,1.314763
9.877790,-0.836205,6.081340,-2.935246
9.910983,-2.393090,8.416967,-17.198763
9.944425,-2.108319,16.031548,-6.293384
9.977493,-3.094018,13.002326,-12.648121
10.010887,-10.356339,15.707272,-1.595643
10.044392,-6.326305,12.385049,15.180828
10.077723,8.060218,7.486936,-2.978044
10.111207,-7.357046,10.372202,4.178480
10.144178,-2.031253,8.201930,-2.015990
10.177496,-5.926609,8.844347,-1.890589
10.211373,-3.586343,5.857773,-0.809718
10.244523,-0.529287,4.600772,-1.791974
10.277738,-2.763756,5.322650,-0.809868
10.311274,-4.868933,6.994012,0.048335
10.344452,-3.413356,7.957713,-1.404848
10.377697,-2.469857,8.552244,-0.976720
10.411364,-7.161762,10.475156,-4.403393
10.444417,-7.385628,10.738228,-1.525909
10.477748,-9.928510,10.275981,-1.194001
10.510962,-10.000339,10.784169,-1.135191
10.544290,-8.382250,13.281111,4.210653
10.577593,-5.976590,13.939091,5.241244
10.611093,-6.301016,15.679738,1.321946
10.644622,-1.054683,13.903925,0.945594
10.678043,-1.242934,9.667234,-1.424302
10.711724,-1.676600,4.780793,-1.432382
10.745137,0.066741,3.347812,0.167750
10.778400,-1.160780,3.410363,0.467485
10.812140,-0.348668,2.391743,0.851618
10.844816,0.374556,3.607592,-0.967292
10.902602,-0.641968,8.964510,-9.603935
10.923302,-5.811384,14.096665,-6.728845
10.944445,-7.423787,15.035525,-12.088008
10.977601,-4.664670,10.492066,-15.067848
11.011024,-9.797872,9.878529,-4.467590
11.044293,-5.295864,12.920322,10.744813
11.077757,5.805697,8.873827,-5.972400
11.111118,-7.214137,12.914935,2.735772
11.144417,-4.230406,10.684955,-4.587903
11.177832,-7.254840,10.696328,-0.853264
11.211198,-3.537110,6.397086,0.337445
11.244544,0.386378,2.987771,-2.690730
11.277887,-3.575419,4.585210,-0.908782
11.311320,-3.083094,5.977338,0.751657
11.344334,-4.400999,9.623837,-4.246867
11.377682,-5.889946,9.425710,-2.685941
11.411015,-6.745156,9.929109,-1.482513
11.444491,-8.871283,10.968229,-2.463273
11.477733,-8.598633,10.431610,-1.550750
11.511290,-7.797146,10.851508,-0.401791
11.544850,-6.019687,14.869271,3.677924
11.578747,-6.924578,13.522036,3.343622
11.610618,-6.562442,15.042408,0.660524
11.645085,-1.291568,12.408393,0.146201
11.678099,-1.037624,9.146626,-0.875411
11.711529,-2.417332,7.141111,-1.514836
11.744801,-1.492838,3.734938,-1.302791
11.778418,-0.130638,2.166980,0.434713
11.812131,-0.248856,2.136602,0.254992
11.844901,-2.108170,3.445529,-1.944460
11.877905,-1.846444,5.603380,-7.995572
11.911144,-1.031638,9.068812,-9.834086
11.944687,-4.301487,16.119987,-12.281047
11.978126,-1.488349,9.345352,-15.402150
12.011556,-7.507587,9.460128,-1.865748
12.045265,-5.211016,13.074304,3.204304
12.078227,0.981059,10.874703,-6.005321
12.111983,-8.808732,11.700582,1.215999
12.145083,-2.251079,8.420708,-4.541364
12.178647,-3.628841,8.192353,-0.977468
12.211913,-4.624266,6.793341,0.657830
12.245228,-1.775364,4.570395,-2.094702
12.278645,-0.628201,5.523471,-0.998418
12.311576,-1.676899,6.558401,1.025204
12.345037,-4.661677,8.639785,-1.899119
12.378607,-1.482064,8.039717,-2.669630
12.411625,-6.999698,10.037899,-3.212834
12.445511,-8.805290,10.738228,-3.564495
12.477984,-6.032855,9.858477,-0.350464
12.511523,-10.086384,9.448156,-3.030120
12.545436,-5.450445,14.608444,5.674909
12.578281,-5.382657,15.884300,3.849266
12.610702,-7.950979,17.297677,-1.275706
12.644115,-5.393730,15.467993,-0.017808
12.677432,-2.545277,8.515133,-2.287292
12.710866,-0.650348,5.356020,-1.253559
12.744098,-1.629462,3.499849,-0.299884
12.777366,-0.624610,1.840758,0.109539
12.810684,-0.081855,1.860211,0.262324
12.844160,-1.440164,3.274786,-0.879601
12.877511,-1.916028,5.900721,-4.935823
12.910854,-2.938838,9.240452,-9.834684
12.944059,-8.138631,14.481846,-10.863779
12.977337,0.187652,9.239404,-13.065625
13.010739,-4.361044,10.170034,-9.591215
13.044099,-5.889497,13.415041,9.053698
13.077416,-0.071978,11.048139,-1.063213
13.110652,-6.161698,10.625248,-0.425734
13.143975,-1.757556,8.070394,-1.282141
13.177348,-5.107912,8.126061,-0.771409
13.210707,-6.204346,7.553078,-0.164757
13.243986,-0.955021,4.683675,-1.764889
13.277406,-1.428342,5.335220,-0.979563
13.310669,-4.171447,6.866965,-0.973128
13.343961,-4.753857,8.275105,-0.847877
13.377282,-2.924173,9.308988,-2.976099
13.410759,-7.146199,10.244406,-1.939672
13.443963,-7.705714,9.588671,-0.677733
13.477200,-8.862903,11.631447,-2.222347
13.510634,-7.313200,11.368375,0.484245
13.544033,-7.669949,11.550640,-2.760763
13.577381,-3.112573,14.411065,12.508055
13.610708,-6.130423,12.580183,-0.553529
13.644086,-3.905232,13.071162,-1.111548
13.677438,-2.890952,11.696991,-1.380755
13.710722,-2.759865,8.679590,-0.713647
13.744187,-1.914831,5.610563,-1.408589
13.777387,-0.960558,4.017315,-0.006435
13.810769,-1.611355,2.814485,0.279383
13.844430,-0.592885,2.572961,0.109988
13.877402,-1.284086,3.705010,-2.997648
13.910778,-1.037325,5.312923,-10.094315
13.944185,-1.826991,8.526356,-11.728116
13.977421,-4.659133,16.746692,-13.042430
14.010761,-1.353371,10.375494,-14.307063
14.044079,-5.632860,11.496918,5.632561
14.077558,2.087220,10.407667,5.361856
14.110766,-2.972657,8.791523,-10.022336
14.144274,-6.549722,11.057417,4.321389
14.177467,-1.399760,9.265742,-2.787549
14.210653,-6.251484,8.831927,-1.520372
14.244297,-2.131963,5.255161,-1.416969
14.277600,0.745072,3.723565,-1.964662
14.310702,-1.938924,5.331928,-1.101971
14.344064,-5.114347,6.975307,-0.873316
14.377714,-4.056371,9.477935,1.685877
14.410709,-5.241843,9.727240,-7.583755
14.443998,-7.918805,10.256827,1.102719
14.477322,-9.815081,10.059298,-0.105498
14.510658,-8.257747,10.505533,-0.980910
14.544084,-9.216808,11.584010,-2.574607
14.577324,-6.619456,14.468528,8.295756
14.610824,-6.775384,16.081379,-0.235837
14.644121,-3.612381,15.973636,1.698747
14.677369,-1.809632,12.396122,0.247210
14.710702,-2.483774,7.139465,-3.014258
14.743969,-1.286630,5.352728,0.027534
14.777367,-0.559066,2.959189,0.250502
14.810707,-0.068237,1.504660,1.242485
14.844340,-0.934221,2.656312,0.235837
14.877521,-2.200799,3.904334,-1.966458
14.910671,-0.561011,7.711101,-12.120630
14.944093,-6.484627,13.222451,-12.342850
14.977372,-6.035998,14.233439,-9.767794
15.010640,-10.074711,12.710073,-15.348877
15.044136,-7.522850,15.125161,8.943710
15.077628,3.959552,9.952303,9.138844
15.110701,-7.329512,8.332119,-7.807022
15.144231,-2.317670,7.777243,3.706207
15.177309,-3.613428,8.517527,-3.115716
15.210703,-6.180254,7.951727,-1.544315
15.244191,-0.991534,5.218648,-0.560413
15.277301,-0.495019,4.559321,-2.115502
15.314066,-4.035571,5.866602,-0.804480
15.343973,-3.929624,7.055216,2.146927
15.377414,-4.219482,9.860123,-1.912138
15.410611,-8.347981,8.298001,-2.390845
15.443972,-9.694020,10.098654,1.378511
15.477308,-8.530247,11.142713,-4.705672
15.510661,-6.781968,10.998457,2.036641
15.543975,-7.553527,13.244149,-2.739064
15.577306,-6.026720,15.162572,6.567679
15.610639,-7.970432,14.305566,-0.721279
15.644015,-1.032237,13.173218,1.566462
15.677307,-1.230813,10.452859,-0.387575
15.710639,-2.751036,7.045639,-0.911625
15.743975,-1.547009,4.669608,0.248258
15.777308,-1.584420,3.508828,-0.037411
15.810642,-0.175830,2.470904,0.077515
15.843973,-0.007632,3.055709,-0.498461
15.877344,-1.829385,5.330581,-5.625677
15.910650,-1.074885,6.842573,-9.108467
15.944005,-7.743723,15.264927,-9.616954
15.977383,-2.382316,12.889795,-11.369721
16.010645,-9.183737,7.438901,-7.942150
16.043972,-2.088716,9.586576,8.227220
16.077366,0.669054,13.847210,4.648508
16.110672,-4.812368,12.381757,-8.532491
16.144015,-2.331587,9.771086,2.728589
16.177478,-2.830347,8.178286,-5.068856
16.211092,-6.636066,8.133842,0.022596
16.243972,-2.691029,5.529457,0.402240
16.277334,2.416883,4.134635,-1.645923
16.310716,-1.181581,6.253429,-1.437171
16.344012,-6.697270,8.708172,-0.821390
16.377295,-4.031980,8.076828,-1.366240
16.410929,-3.884731,8.918121,-5.450744
16.444053,-9.552158,10.767259,-0.057762
16.477372,-9.974151,11.879106,-0.810915
16.510693,-5.980780,11.315551,-5.107014
16.543971,-8.178436,12.341203,-1.636944
16.577306,-4.679036,14.383830,9.436335
16.610640,-4.641924,13.191026,0.297789
16.643973,-5.262194,15.552541,-2.242549
16.677348,-2.175210,13.222451,1.547009
16.710643,-2.285646,8.721191,-1.338855
16.744006,-2.741758,5.499977,-0.753452
16.777343,-1.767134,3.108234,-0.663517
16.810635,-0.994677,3.045683,0.583907
16.844012,-0.963701,3.067680,0.107444
16.877335,-0.785326,3.049873,-1.017273
16.910639,-0.760037,5.053143,-5.874234
16.944014,-1.621531,8.602674,-12.807341
16.977309,-8.008142,14.364526,-9.645236
17.010685,-3.592927,11.717342,-12.885305
17.043973,-5.676556,12.218646,1.855722
17.077392,-3.616720,12.236304,6.930563
17.110703,4.949440,10.701117,1.415772
17.144039,-4.073281,10.332247,3.513766
17.177327,-1.487301,7.980458,-2.114604
17.210709,-4.469984,8.740944,-1.293813
17.244012,-6.324659,7.222966,-1.295010
17.277385,-1.548655,5.263391,-2.755974
17.310709,-0.087990,5.195902,-2.658557
17.343999,-3.197570,7.237331,-1.142973
17.377380,-4.170848,8.208215,1.109004
17.410642,-2.943477,8.358008,-3.123946
17.444062,-8.356361,10.592326,-0.764227
17.477280,-10.574369,12.202484,2.190174
17.510699,-6.653275,11.574134,-4.432424
17.544003,-6.560646,11.390522,-0.741930
17.577309,-6.837336,13.967673,-3.500149
17.610544,-2.314378,14.928231,11.132537
17.644011,-5.229871,14.564449,-2.150668
17.677305,-2.096198,14.699427,-0.398200
17.710678,-1.494484,11.511433,1.193403
17.743974,-2.307943,6.434647,-2.251977
17.777306,-1.565265,3.720273,-2.110115
17.810636,-0.565650,2.698811,-0.254992
17.843973,-0.429775,2.325302,0.928684
17.877317,-1.478472,4.023151,-0.372461
17.910639,-1.892385,4.632946,-2.656162
17.943982,-1.677348,7.051176,-13.544632
17.977341,-8.183225,13.457689,-12.486656
18.010644,-4.172195,12.380260,-11.397854
18.044066,-5.993499,7.996021,-10.420087
18.077294,-1.859613,10.679867,6.459338
18.110565,-1.863204,13.390201,0.193937
18.144010,-0.262474,11.620224,-4.865790
18.177236,-3.278228,9.039033,3.426075
18.210629,-1.627068,7.959808,-3.581105
18.244070,-6.953309,10.188141,0.841592
18.277282,-2.789793,5.918827,-1.109602
18.310629,0.230300,4.112487,-2.750737
18.344161,-0.765274,4.961861,-0.792509
18.377300,-4.423296,8.388535,2.544978
18.410655,-2.897686,9.331734,-4.475072
18.443933,-5.582729,10.025778,-6.303260
18.477261,-9.656609,11.883146,-0.684018
18.510600,-7.845181,12.045958,-5.027255
18.543936,-7.274593,10.621207,-1.820107
18.577264,-4.000106,12.774569,-2.283701
18.610669,-4.009084,14.051323,11.893172
18.643950,-9.485268,14.850716,-2.000577
18.677282,-2.990614,15.232305,0.722925
18.710616,-0.125700,11.635637,-1.303540
18.743974,-0.707661,7.515218,-2.132861
18.777212,-2.251677,4.280686,-1.514985
18.810637,-1.970049,3.263413,0.294647
18.843971,-1.336910,2.492004,0.757343
18.877301,-0.684766,2.734874,1.051242
18.910640,-1.184125,3.952519,-2.338770
18.943972,-0.976869,5.317263,-11.948241
18.977434,-5.514343,14.279678,-8.615393
19.010630,-4.895419,14.812257,-11.291907
19.044012,-1.496878,9.774528,-12.481419
19.077421,-1.916328,10.502241,-0.094724
19.110710,-4.156782,13.395588,12.643183
19.144003,6.566781,8.229614,-8.065904
19.177375,-2.814485,9.407154,4.339645
19.210717,-2.514750,9.274571,-5.115544
19.244005,-7.316343,10.119754,-0.206058
19.277238,-3.888322,5.517784,-0.745072
19.310806,-0.766770,4.578326,0.152486
19.343973,-1.037774,6.041834,-0.393411
19.377366,-3.336289,7.107441,-0.396554
19.410677,-3.088481,9.542880,-1.366988
19.443976,-5.400464,10.448519,-4.329769
19.477300,-8.483408,10.446275,-0.459553
19.510678,-7.590788,10.215675,-4.233698
19.543973,-7.674289,9.815829,-0.782184
19.577385,-7.856255,11.538818,-2.899781
19.610627,-3.285112,14.507584,5.407198
19.644008,-3.400935,14.011219,6.063831
19.677438,-4.790370,16.032596,-2.915344
19.710640,-0.720082,14.102501,-1.207319
19.744014,-0.832913,9.216210,-1.847342
19.777329,-3.259523,4.817455,-1.249968
19.810718,-3.607143,3.052866,-0.476014
19.844014,-1.406644,2.012847,0.325623
19.877300,0.468981,3.220765,1.288875
19.910683,-0.600667,4.463699,-0.558617
19.943969,-1.564367,5.559984,-4.777052
19.977309,-1.179037,6.683503,-14.987040
20.010768,-5.024861,13.463974,-10.046878
20.043975,-5.473490,13.362966,-9.049508
20.077309,-3.846273,11.014918,-12.080825
20.110667,-5.845652,15.467694,-5.082772
20.143972,-2.128372,13.704750,19.992148
20.177383,6.385414,5.753322,-9.896786
20.210639,-2.220552,7.556819,5.954592
20.244009,-4.042305,10.032213,-2.605583
20.277556,-8.077726,10.252637,-0.433516
20.310643,-2.686989,5.700349,-2.129419
20.343990,0.699880,4.277993,-3.862584
20.377971,-0.684317,6.024625,-0.884839
20.410787,-5.130209,7.610840,0.905190
20.443973,-2.130766,8.530546,1.220338
20.477308,-5.231667,10.072018,-6.802619
20.510642,-7.741329,10.838190,1.560776
20.543960,-8.154942,11.043799,-1.414425
20.577349,-6.822821,10.648742,-2.553058
20.610643,-7.904589,14.022592,0.603360
20.644010,-5.279553,15.291564,4.230556
20.677333,-1.583821,13.347552,3.570930
20.710642,-3.700520,14.382034,-2.363610
20.744008,-1.751271,12.279251,1.854525
20.777301,-3.376244,8.732115,-1.660887
20.810677,-2.725896,5.177496,-1.867544
20.843973,-1.633203,3.890567,0.450575
20.877298,-1.280794,3.146542,0.767070
20.910782,-0.995575,3.078604,0.706015
20.943979,-0.753602,3.451365,-0.080358
20.977336,-0.020202,5.002564,-3.178416
21.010704,-2.575355,6.868312,-14.029625
21.044017,-4.086450,12.427847,-10.459443
21.077336,-3.290499,13.808901,-10.216274
21.110648,-7.655883,15.410680,-14.393556
21.143976,-10.228245,15.873076,12.634953
21.177335,7.206954,9.547070,3.260570
21.210643,-3.857496,9.833637,0.128693
21.244043,-2.099341,8.472484,1.050344
21.277294,-5.130658,8.926950,-1.889242
21.310657,-6.018190,7.811811,-1.139232
21.344037,-0.871820,4.928042,-2.684295
21.377298,-1.126213,4.222176,-2.731433
21.410806,-3.323869,7.382934,0.653341
21.443976,-4.136730,8.514833,-1.110650
21.477348,-4.198831,10.127835,-4.759244
21.510755,-6.280514,8.783143,0.290307
21.543943,-5.218648,9.352983,-2.956496
21.577307,-6.537900,10.230639,-1.790328
21.610640,-10.465429,12.109257,-0.455663
21.643976,-7.495765,14.714092,0.195434
21.677346,-1.052140,14.152033,6.146285
21.710640,-2.560840,14.884086,2.466565
21.743964,-5.071848,15.892081,-4.598079
21.777342,-0.973876,13.982338,0.240626
21.810638,-0.958313,7.536617,-1.472786
21.843974,-4.127452,5.944716,-2.454593
21.877340,-3.579609,4.913676,0.319338
21.910631,-2.046667,3.071721,-0.071679
21.944009,-1.180832,3.194877,0.115375
21.977306,-1.066954,3.388964,0.647355
22.010680,-1.119629,4.136131,-0.577322
22.043998,-0.437855,5.557589,-9.013144
22.077347,-3.996514,8.738998,-14.245410
22.110680,-5.500127,13.041233,-8.245476
22.144038,-4.647760,9.918634,-17.723262
22.177302,-1.949099,15.730915,22.774908
22.210668,6.147931,9.560239,-18.955721
22.244009,-9.203640,15.303386,2.316772
22.277298,-5.037580,10.066930,-3.297981
22.310799,-0.976271,7.955318,-1.728675
22.343966,-8.372373,10.268499,-0.126448
22.377335,-5.662788,8.831328,-1.512741
22.410637,-1.844649,6.959445,-3.213882
22.443973,-0.082453,5.851189,-4.744430
22.477298,-2.088118,7.084396,-6.859034
22.510679,-3.730748,8.507650,-5.695261
22.543949,-3.657872,10.226599,0.619372
22.577298,-4.036918,9.321858,2.536448
22.610673,-3.812603,6.943133,-2.221749
22.643944,-0.530335,4.869681,-2.070460
22.677300,0.609645,3.622856,-0.703471
22.710672,-2.588823,3.079203,-6.037644
22.743973,-0.600966,2.411197,-6.573665
22.777343,1.055282,3.317584,-0.787421
22.810651,-2.432446,4.649257,-9.439627
22.844009,-3.925434,7.111033,-7.314547
22.877300,-3.441788,6.789450,-2.600196
22.910632,-2.929410,4.658385,-7.455511
22.944014,-5.282097,2.552909,-7.690899
22.977299,-3.881289,1.130702,-11.010728
23.010818,0.455962,0.824832,-10.814097
23.043989,-0.576425,4.510687,-11.614088
23.077428,-0.959511,1.790478,-11.883745
23.110656,6.866816,-4.677390,-9.753278
23.143992,0.143657,-2.193915,-12.036979
23.177308,-0.181966,-1.291269,-12.443110
23.210670,7.353454,-4.673349,-11.350118
23.243966,0.111783,-6.934155,-18.918310
23.277538,-4.800246,-5.409443,-21.174028
23.310639,-1.407691,-5.234810,-19.416621
23.343958,0.357946,-5.143378,-12.020519
23.377340,3.615374,-3.443284,-11.800543
23.410640,2.454893,-2.968168,-12.265035
23.443971,0.723374,-1.637393,-9.411943
23.486951,0.693745,-0.599619,-10.484883
23.510474,-0.946941,-0.372761,-9.446510
23.543928,-0.786823,0.321283,-9.991959
23.577264,-0.613087,3.446427,-7.662467
23.610587,-1.162875,4.853220,-9.836031
23.643937,-2.012847,6.186539,-7.218626
23.677264,-0.748813,5.747636,-7.922547
23.710603,-3.380733,6.192524,-4.923852
23.743947,-5.869146,7.335647,-3.834601
23.777280,0.755398,3.911966,-4.633544
23.810640,-1.772072,4.870429,-1.850185
23.844026,-1.271815,2.604835,-8.624971
23.877342,-2.386057,4.723330,-2.389798
23.910661,-2.452947,5.254413,-0.181218
23.943993,-1.684082,4.830474,-1.630809
23.977224,-0.845333,6.560646,-1.978579
24.010659,-2.959189,10.120203,-0.021549
24.043987,-4.785432,12.262192,-0.079011
24.077342,-4.091837,11.055172,0.280730
24.110627,-0.429176,8.117382,1.246975
24.144045,1.034931,4.854268,1.906750
24.177343,-0.183313,3.013061,-2.082731
24.210753,-3.356791,4.474324,-0.866882
24.244179,-1.755761,5.191114,1.002308
24.277330,-0.643764,4.650753,-9.289385
24.310625,-3.508229,6.768650,-5.121829
24.344015,-0.780388,7.861193,-5.792978
24.377336,-4.074179,8.845095,-6.672280
24.410619,-3.275534,6.619755,-5.689126
24.444014,-8.006197,1.895976,-7.051176
24.477299,-4.743532,0.414661,-12.099231
24.510800,0.981957,-2.239856,-8.277649
24.544009,-0.250802,-3.522296,-13.560793
24.577221,-1.800654,1.590555,-9.671424
24.610758,-0.077814,0.921202,-12.249472
24.644095,-2.392043,0.382787,-10.171081
24.677343,-0.238531,-4.595385,-10.634975
24.710828,2.406857,-6.684550,-11.854714
24.744131,2.143336,-5.408246,-15.001556
24.777347,-0.587049,-8.529798,-13.587729
24.810645,0.232096,-9.493498,-14.799538
24.843989,-1.827589,-9.292228,-14.397298
24.877349,-0.608748,-8.087303,-12.778311
24.910821,0.215037,-6.069368,-11.973830
24.944127,0.073175,-5.217601,-11.048139
24.977586,0.129441,-4.358800,-12.057331
25.010815,-2.887660,-3.099105,-10.121101
25.044127,-1.141027,-1.629911,-9.440375
25.077297,-4.212898,2.525973,-8.934582
25.110800,-2.618602,2.590768,-9.227583
25.143998,-1.775813,4.418807,-9.689231
25.177339,-2.448907,6.239812,-7.604256
25.210923,-3.486381,7.156225,-7.673541
25.244017,-3.375795,6.515155,-5.947858
25.277320,-2.866860,5.295265,-5.973148
25.310710,-4.998374,6.713581,-3.741523
25.344094,-0.607401,4.932830,-2.881225
25.377341,-2.336675,4.168753,-3.516160
25.410810,-0.007632,3.797788,-2.648680
25.444132,-2.094552,3.225554,-1.410385
25.477519,-1.656996,4.509041,-1.598037
25.510751,-3.139210,5.526913,-1.367288
25.543994,-2.442173,7.621615,0.932724
25.577336,-1.812475,10.109429,-0.485142
25.610798,-6.124587,12.630912,-3.607293
25.644116,-6.865618,11.192843,-6.793939
25.677441,-4.900358,6.497497,0.439651
25.710679,6.128328,2.833040,4.489887
25.744125,3.655328,2.950510,4.796954
25.777452,1.719846,2.891551,1.318803
25.810785,2.245841,3.165697,-4.669758
25.844114,-6.703405,6.003076,-13.122190
25.877306,-5.018127,7.627151,-2.943327
25.910676,-5.323398,8.513337,-7.530332
25.944007,-1.888344,6.760419,-8.500168
25.977310,2.381867,3.750950,-8.929195
26.010790,-3.721620,3.699772,-8.469940
26.044116,-0.387875,0.243020,-9.411195
26.077382,-0.401791,-1.434926,-10.546386
26.110781,-0.390119,0.107444,-9.429900
26.144014,0.868079,-1.570802,-12.221190
26.177478,0.843388,-0.360939,-12.207273
26.210682,3.801829,-0.952777,-15.435969
26.244069,2.069113,-3.346016,-16.908306
26.277329,2.357774,-2.706592,-15.564812
26.310682,0.064646,-1.544166,-21.212935
26.344111,-1.013681,-1.675402,-18.640872
26.377343,1.224678,-2.822416,-14.955915
26.410680,2.686540,-2.110863,-11.733803
26.444004,2.067916,-0.781136,-10.131725
26.477444,0.952477,0.761832,-11.035419
26.510680,1.374919,2.160246,-10.102695
26.544107,1.391679,3.125592,-9.637604
26.577346,-1.603574,4.128499,-9.742803
26.610673,-0.421245,4.238786,-9.845608
26.644115,-1.048847,4.395013,-8.633650
26.677340,-3.398840,6.172472,-7.098313
26.710682,-0.932425,5.707382,-5.438174
26.744099,-0.382936,5.339111,-4.959915
26.777435,-1.946256,8.075482,-3.995167
26.810667,-1.154346,5.447003,-3.140706
26.844214,0.076168,3.547286,-5.351232
26.877440,-2.351639,4.151844,-7.011371
26.910773,-0.049681,3.281969,-1.303091
26.944157,-3.755589,5.583927,0.414361
26.977456,-2.430351,5.880818,-3.262067
27.010671,-1.487152,5.885906,0.210697
27.044147,-3.350506,7.778141,1.086707
27.077421,-2.407605,8.208963,0.507290
27.110775,0.211894,7.334899,-0.317093
27.144181,0.996921,6.477744,0.753602
27.177513,0.060156,7.004038,-0.256189
27.210769,-3.202808,6.844818,-3.383726
27.244209,-3.032664,6.770894,-1.051691
27.277343,1.216597,4.967248,-3.539654
27.310772,-5.272669,6.948221,-2.621595
27.344058,-2.912052,4.967547,-7.770360
27.377407,-2.615459,5.205779,-5.082772
27.410676,1.447047,3.194428,-11.377503
27.444010,0.598422,5.098036,-17.957303
27.477405,-5.466008,7.474964,-5.506561
27.510769,-1.180533,1.770426,-8.560325
27.544101,-1.829984,1.277203,-9.904118
27.577367,1.361152,0.644811,-9.011947
27.610773,1.112745,-0.194386,-14.465684
27.643970,-0.978515,0.236585,-13.348600
27.677427,-1.888344,0.439202,-11.156181
27.710761,1.735709,-2.928961,-14.106092
27.744102,2.923724,-1.963615,-15.474427
27.777342,2.850698,-1.656996,-16.375428
27.810764,-2.758817,-3.509875,-17.478895
27.844109,1.023258,-0.568344,-16.232968
27.877419,1.895228,-1.898819,-13.514853
27.910739,0.063598,-2.507567,-13.020882
27.944062,1.386143,-1.835371,-13.025970
27.977399,0.959660,-0.824533,-11.017462
28.010751,-0.995575,0.984501,-9.444715
28.044097,-1.256253,1.135341,-11.564257
28.077389,-0.409722,1.788532,-11.258537
28.110755,-1.780601,3.150283,-10.572125
28.143961,-2.512505,4.988198,-8.846891
28.177420,-2.088567,6.239961,-9.235364
28.210935,-2.085873,8.425496,-6.842274
28.244009,-2.526123,7.995423,-7.168196
28.277341,-3.950873,7.566546,-6.727648
28.310678,-2.869553,6.309096,-5.613107
28.344191,-0.102505,3.003484,-4.103808
28.377418,0.413015,3.568835,-1.821454
28.410837,0.165355,2.644041,-1.860660
28.443992,-1.293065,3.179164,-2.984180
28.477341,-0.279383,3.123198,-2.792487
28.510628,-1.904655,5.999036,-3.892063
28.544091,-3.860189,7.993627,-0.340138
28.577395,-2.171768,9.398924,2.716169
28.610626,-2.638355,10.288252,2.653618
28.643968,-3.501645,9.353133,0.792659
28.677469,-2.393090,7.966392,-2.812838
28.710762,3.412757,4.645665,-2.173863
28.744045,-1.475479,4.566953,3.982897
28.777347,-2.115951,3.866474,-4.438709
28.810766,2.462375,3.368912,0.011822
28.844182,-2.874042,4.710461,-0.978665
28.877434,-3.744515,6.571271,-11.234295
28.910736,-2.384111,8.732564,-12.395524
28.944058,-3.970626,12.205926,-11.258836
28.977460,-3.936507,10.805568,-5.002115
29.010705,-2.609923,5.541578,-7.733847
29.044204,-3.303817,2.246739,-4.343985
29.077602,0.590940,-2.768694,-8.899116
29.110671,-1.017422,-2.130916,-11.259135
29.143879,-3.076659,3.719226,-10.282565
29.177541,1.484458,1.152700,-11.237886
29.210754,-2.775727,-0.952777,-10.136963
29.244118,0.701676,-3.653533,-11.874916
29.277468,-1.501218,-3.036555,-11.572937
29.310624,0.684168,-2.816131,-13.756526
29.344129,-1.568557,-4.740689,-15.662978
29.377337,-2.025417,-7.704367,-17.375791
29.410706,-2.831394,-5.924364,-17.183949
29.444081,-1.066505,-5.625527,-15.975731
29.477337,-0.816602,-4.601371,-14.317089
29.510758,-0.186305,-3.863631,-12.984668
29.543998,-0.429625,-3.661015,-12.268178
29.577342,-2.665739,-1.770126,-10.923935
29.610674,-1.982170,-0.430822,-9.837827
29.643873,-2.137051,0.962653,-9.434539
29.677306,-2.771986,2.178502,-11.129694
29.710681,-2.522980,3.884432,-9.298813
29.744097,-4.598677,5.068706,-6.306852
29.777414,-2.983880,5.947110,-7.902943
29.810761,-5.659945,8.423850,-5.101927
29.844108,-2.553807,8.672557,-3.275983
29.877309,-0.725020,7.097715,-3.545490
29.910782,-1.819808,6.299519,-2.670528
29.944255,-1.597738,4.545255,-5.187522
29.977408,0.350314,2.284599,-3.676428
30.010756,-0.714994,3.358137,-0.758540
30.044156,-2.802663,5.262643,0.463893
30.077408,-0.338193,4.757748,-2.341912
30.110655,-2.371541,6.996855,-0.218928
30.144255,-4.095727,9.518638,1.129056
30.177413,-4.952583,10.514213,-6.534608
30.210758,-1.116785,9.286991,0.719633
30.244359,-1.513189,8.294110,12.989008
30.277310,2.106823,2.298965,-7.422141
30.310641,4.797703,2.676963,-1.806789
30.344001,-3.217323,5.990357,-4.234746
30.377395,-6.333787,7.878552,-6.628883
30.410831,-0.201120,6.480886,-1.852430
30.444013,-3.089528,4.857859,-10.474557
30.477403,-4.867137,6.292486,-6.541492
30.510731,-4.571742,6.241458,-8.308027
30.544019,-1.231711,5.341056,-5.849244
30.577397,-1.645474,1.419962,-10.159260
30.610808,-4.080165,0.168648,-9.016436
30.644067,-5.430692,0.536620,-5.608169
30.677342,-3.951472,-0.865086,-10.175870
30.710676,-0.580764,-2.341164,-12.064364
30.744065,0.332357,-3.294689,-11.170696
30.777390,-1.593997,-2.154709,-13.461131
30.810707,-1.165719,-1.810081,-14.824977
30.844067,-2.653319,-4.468189,-15.014126
30.877389,-4.822992,-6.012654,-16.488109
30.910677,-3.835648,-6.762065,-16.292376
30.944009,-4.651651,-5.484564,-14.909825
30.977421,-3.538457,-3.649941,-14.048929
31.010696,-2.238210,-3.065735,-12.421711
31.044018,-2.218906,-2.093505,-11.682176
31.077482,-3.203706,-1.232310,-10.881437
31.111101,-3.220466,-0.925991,-9.642543
31.143936,-2.035294,-0.103403,-10.357088
31.177262,-3.673585,2.967719,-9.100685
31.210735,-2.342361,4.679634,-8.433876
31.244034,-3.851211,5.926908,-9.151414
31.277361,-4.434220,8.345587,-5.108212
31.310709,-4.767325,8.109600,-5.738059
31.344008,-4.362690,7.626253,-3.241865
31.377403,-3.014408,5.179292,-2.588374
31.410613,-1.393176,1.673158,-5.211615
31.443970,-1.607465,3.279276,0.527491
31.477393,-0.536620,2.702552,-1.223780
31.510765,-0.483945,3.725511,-1.955534
31.544057,-4.058766,6.331842,1.290670
31.577397,-2.537196,6.554810,-0.639424
31.610750,-1.377164,8.221982,-0.453717
31.644057,-2.580593,8.171552,2.068514
31.677395,-1.850485,6.503333,-2.320663
31.710767,-1.573346,6.470860,-0.344179
31.744056,-0.186455,6.095257,1.115439
31.777315,-1.577386,4.935673,-1.025503
31.810772,0.674590,4.619029,-5.137841
31.844046,-1.001710,5.657102,-2.953353
31.877421,-4.253601,7.336096,-8.935330
31.910721,-3.852857,8.112443,-4.150347
31.943990,-0.821540,5.333424,-5.079031
31.977418,-2.130167,4.569048,-12.986165
32.010770,-6.124587,3.625549,-6.858436
32.044209,-4.161570,3.345567,-4.906044
32.077470,-3.696031,4.367479,-10.397641
32.110830,-2.708238,1.419513,-10.160158
32.144053,-3.970925,2.375582,-8.727326
32.177351,-2.220552,0.204113,-11.290411
32.210767,-4.335306,-3.325366,-11.451576
32.244054,-3.041044,-2.138098,-11.581167
32.277346,-0.061054,-4.393966,-15.006344
32.311440,-4.168454,-2.808798,-17.987232
32.344013,-6.110819,-2.754777,-17.851057
32.377350,-7.584503,-3.127987,-17.090422
32.410765,-3.897750,-3.413056,-15.136534
32.444023,-2.050557,-2.490358,-12.665031
32.477346,-1.723288,-1.237547,-12.457027
32.510810,-3.158214,0.040254,-10.573322
32.543975,-2.621595,0.329214,-9.352385
32.577348,-3.510773,2.461028,-9.254967
32.610790,-3.902538,3.504189,-9.403862
32.643971,-3.485633,4.454721,-8.352920
32.677307,-3.232587,6.282759,-6.364165
32.710696,-3.591580,6.974558,-7.326070
32.743967,-3.700072,5.971502,-5.400015
32.777383,-3.509875,4.911282,-4.764332
32.810790,-2.034246,3.892213,-5.220145
32.844074,-1.466651,3.000042,-4.120568
32.877418,-1.784342,4.081511,-3.145345
32.910734,-0.955470,4.003398,-3.848068
32.944112,-1.121574,4.874918,-2.171020
32.977267,-2.864914,6.539247,-0.408525
33.010782,-1.884753,7.210695,-1.589657
33.044152,-0.861943,7.331307,-1.320000
33.077312,-0.492924,8.489843,-1.453482
33.110693,-1.938175,10.127086,-2.826606
33.144064,-2.734575,9.657806,1.614049
33.177308,-1.604621,7.039952,1.839411
33.210768,-1.837615,5.042219,0.414062
33.243973,1.523964,2.726943,-2.661699
33.277297,0.923447,3.831907,-0.025439
33.310673,-1.713561,5.980480,-1.640236
33.344119,-2.877933,5.874084,-10.669392
33.377337,-1.657894,7.469128,0.425136
33.410784,-5.733719,6.754883,-7.489330
33.443978,-3.335990,6.170976,-7.376200
33.477322,-3.762473,5.044464,-10.183951
33.510613,-1.881311,4.072084,-7.170890
33.543987,-3.859591,2.109517,-10.343769
33.577340,-5.404056,1.550002,-11.796653
33.610636,-4.425092,0.092330,-10.503588
33.643971,-5.714714,0.367673,-10.036253
33.677375,-4.372567,-0.142610,-9.902472
33.710640,-4.767026,0.039506,-11.679333
33.744037,-5.388792,-5.282396,-13.447214
33.777316,-7.539910,-6.889561,-14.131382
33.810794,-9.651222,-6.790348,-15.490290
33.844008,-9.133757,-6.075653,-15.511240
33.877318,-7.227006,-4.454571,-13.567677
33.910693,-5.211016,-3.063939,-11.417009
33.944010,-6.089869,-1.411432,-10.459144
33.977336,-6.036896,-1.545512,-10.420237
34.010712,-4.858009,-1.224828,-11.166955
34.043972,-6.134463,1.924408,-7.571634
34.077359,-5.993499,4.050835,-6.924278
34.110821,-4.899759,5.582131,-6.829106
34.144009,-6.353091,6.312089,-5.811833
34.177331,-4.473127,5.484264,-6.737823
34.210673,-3.670592,5.897728,-5.867650
34.244033,-3.543695,7.841739,-3.490721
34.277439,-3.683012,7.399395,-3.693487
34.310680,-2.624588,5.106865,-3.732993
34.344002,-2.650177,4.201824,-2.692226
34.377353,-3.850014,3.972571,-2.824062
34.410775,-2.364508,3.181409,-1.562871
34.444012,0.167301,3.265658,-1.909145
34.477333,1.212108,4.789921,-2.771836
34.510766,-0.089786,8.551496,-2.164136
34.544032,-3.894009,11.201523,-3.443883
34.577384,-5.898027,12.346740,-0.418402
34.610757,-4.487493,8.851530,2.463123
34.644112,-3.482341,4.904847,-0.261576
34.677374,-0.509834,4.163665,1.476078
34.710691,0.784279,3.352152,-1.953738
34.743971,-1.300696,5.060775,-0.653042
34.777296,-0.044444,4.877911,-2.265744
34.810661,-1.429389,4.525203,-6.906621
34.843995,-3.797339,5.545468,-7.480651
34.877328,0.416007,4.609751,-8.301891
34.910750,1.087156,5.467055,-7.327417
34.944006,-3.575868,7.077064,-8.145963
34.977481,-2.837829,3.394351,-6.910811
35.010679,-4.005942,1.829086,-9.285046
35.044001,-2.816131,1.443755,-10.705307
35.077737,-5.582879,1.843302,-8.391528
35.110748,-5.239000,-0.566847,-12.472590
35.144012,-2.586878,-2.455341,-11.642969
35.177340,-4.540466,-1.744986,-10.601903
35.210802,-0.882594,-6.925775,-14.472718
35.244008,-6.748897,-5.030248,-16.528961
35.277342,-10.230939,-5.857324,-19.175696
35.310776,-10.331948,-6.629931,-16.007306
35.343980,-6.343215,-4.618730,-14.609641
35.377341,-3.816943,-3.247252,-13.145385
35.410790,-3.226003,-2.940035,-10.680017
35.444014,-4.620675,-3.141005,-9.206184
35.477414,-5.488903,-0.688058,-10.322520
35.510656,-3.586941,2.846658,-8.320597
35.544062,-1.460814,3.502393,-7.919853
35.577351,-1.670015,1.655201,-11.378700
35.610760,-5.252916,5.619242,-9.638652
35.644008,-4.285026,7.000896,-5.963271
35.677345,-1.500021,3.843878,-10.504486
35.710779,-3.570032,5.732522,-6.810550
35.744001,-4.970241,6.583392,-2.820919
35.777350,-3.170186,5.681494,-0.210398
35.810706,0.503249,3.800632,-0.256937
35.844153,0.636880,0.685814,-3.462738
35.877351,-3.249048,5.739705,-4.800695
35.910781,-2.880327,2.475094,1.770875
35.944058,-0.009577,4.409978,1.756509
35.977342,-4.948842,9.518040,-3.862434
36.010765,-5.767838,13.506024,-2.665889
36.044163,-6.211679,12.422909,-2.360767
36.077341,-7.177325,10.831007,0.489931
36.110655,-11.919959,12.514041,-0.113729
36.144285,-7.372908,9.168025,2.696416
36.177344,-0.653790,5.595299,-0.754500
36.210768,-0.546496,1.692761,-9.205585
36.244127,-6.125035,8.542068,7.520456
36.277285,-9.488560,7.931076,-5.247380
36.310889,-10.088778,8.790925,-8.195196
36.344007,-8.728523,7.264267,-7.271450
36.377323,-10.789556,4.069690,-9.391741
36.410676,-18.504398,5.710824,-7.837699
36.444087,-22.160325,7.162211,-8.420558
36.477343,-15.822497,6.446618,-7.449226
36.510885,-11.826282,5.655007,-3.994569
36.544011,-6.868911,4.498716,-3.240817
36.577382,-5.179142,4.632197,-2.685193
36.610894,-2.134357,2.031852,-0.844435
36.643974,-1.007845,1.359656,-3.608789
36.677344,-0.283124,-0.767968,-3.714737
36.710716,-0.441447,-1.409637,-5.778163
36.744009,5.584226,-3.487878,-11.126402
36.777345,-4.367180,-0.181966,-3.409764
36.810661,-1.753366,-0.656633,-15.384342
36.843970,2.458035,-3.141005,-14.675783
36.877331,0.463444,-5.930649,-7.891720
36.910718,2.660053,-3.158214,-8.970346
36.943974,1.808285,-3.778185,-10.106286
36.977358,-1.360404,-5.388643,-7.764075
37.010814,2.161143,-4.178181,-11.046193
37.044092,1.873230,-4.523257,-8.653552
37.077459,-0.214438,-5.665183,-7.235985
37.110705,0.668305,-5.460022,-7.478257
37.144009,1.208367,-5.119136,-7.485439
37.177342,0.774702,-5.493542,-6.601499
37.210765,0.604109,-5.784448,-6.106929
37.244008,1.155992,-5.678800,-7.775597
37.277346,0.853713,-5.916284,-6.618708
37.310612,0.984950,-6.038093,-6.555857
37.343972,1.536534,-5.869894,-7.912969
37.377344,0.478109,-6.249389,-7.564900
37.410619,0.048335,-6.238914,-6.913354
37.444009,1.280495,-6.214223,-7.626403
37.477334,0.597824,-6.661655,-6.985931
37.510713,0.523152,-6.995808,-5.793127
37.544002,0.810616,-7.123453,-6.332890
37.577344,0.217431,-7.362433,-6.617061
37.610741,0.441596,-7.752103,-5.782652
37.643989,0.483496,-7.728909,-6.816835
37.677336,1.137586,-7.914765,-6.158256
37.710673,0.344927,-7.993627,-6.496599
37.743972,0.330861,-7.190044,-7.019751
37.777342,-1.268972,-7.033518,-8.370129
