Timestamp,Milliseconds,X,Y,Z
2019-06-13 19:48:26,17,-1.1351484,2.0360003,10.72521
2019-06-13 19:48:26,103,-0.8100063,2.8371482,8.227857
2019-06-13 19:48:26,202,-2.3870766,2.8448863,8.839996
2019-06-13 19:48:26,302,-1.6447495,5.3819547,6.7781
2019-06-13 19:48:26,403,-1.5607897,4.7872257,6.2474394
2019-06-13 19:48:26,502,0.27894366,3.4658847,2.8069623
2019-06-13 19:48:27,602,2.6875393,-0.20048088,7.1931877
2019-06-13 19:48:27,702,6.682236,-2.74025,3.6462924
2019-06-13 19:48:27,802,12.6167145,-5.6626415,9.313253
2019-06-13 19:48:27,903,10.472908,-6.363453,1.2114469
2019-06-13 19:48:27,1003,12.121786,-10.545444,2.4768686
2019-06-13 19:48:27,1102,13.042567,-9.882709,3.0781772
2019-06-13 19:48:27,1202,6.5817943,-9.431727,-2.3084893
2019-06-13 19:48:27,1302,5.8211184,-7.459145,0.7033303
2019-06-13 19:48:27,1402,6.291943,-5.83058,-0.41483852
2019-06-13 19:48:27,1502,7.0200195,-8.501522,0.17287093
2019-06-13 19:48:28,1603,7.7991405,-10.142959,-1.8987169
2019-06-13 19:48:28,1702,7.8062468,-11.401524,-0.66884416
2019-06-13 19:48:28,1802,7.8491697,-9.743912,0.30062556
2019-06-13 19:48:28,1902,3.7653227,-11.07143,1.8139716
2019-06-13 19:48:28,2002,3.550467,-5.9787526,0.87225556
2019-06-13 19:48:28,2103,3.1565635,-5.720227,-0.257664
2019-06-13 19:48:28,2202,3.652077,-9.174284,-1.2027032
2019-06-13 19:48:28,2302,6.36035,-13.358803,-1.8716432
2019-06-13 19:48:28,2402,10.906306,-10.4400215,-0.6172731
2019-06-13 19:48:28,2502,8.062963,-7.009562,-0.23435403
2019-06-13 19:48:29,2603,5.2439337,-3.9681115,-0.57660997
2019-06-13 19:48:29,2702,4.6568756,-5.205387,-0.26772922
2019-06-13 19:48:29,2802,8.879951,-10.3515415,-0.40414125
2019-06-13 19:48:29,2902,7.3301263,-13.098381,0.16437632
2019-06-13 19:48:29,3002,8.873199,-13.1851845,-1.9129288
2019-06-13 19:48:29,3103,6.025612,-6.6693554,3.016426
2019-06-13 19:48:29,3202,2.52413,-7.2019405,-3.489367
2019-06-13 19:48:29,3302,1.743678,-7.453581,1.9728701
2019-06-13 19:48:29,3402,2.9888163,-9.9480715,-1.0680821
2019-06-13 19:48:29,3502,9.357765,-10.728073,-1.2756786
2019-06-13 19:48:30,3603,9.034904,-8.710814,-1.8862288
2019-06-13 19:48:30,3702,7.2600627,-2.3887045,0.37982574
2019-06-13 19:48:30,3802,3.6451147,-5.5136743,-1.7321571
2019-06-13 19:48:30,3902,8.835696,-10.335683,-0.28583896
2019-06-13 19:48:30,4002,9.59799,-11.65914,1.5505425
2019-06-13 19:48:30,4103,8.60568,-11.827691,-1.6277986
2019-06-13 19:48:30,4202,5.82447,-4.105366,1.6332573
2019-06-13 19:48:30,4302,2.5431786,-6.6000576,-1.1603738
2019-06-13 19:48:30,4402,2.1826596,-8.09425,-0.07097372
2019-06-13 19:48:30,4503,5.2271166,-12.575334,0.551557
2019-06-13 19:48:31,4603,9.018316,-11.720661,1.1353974
2019-06-13 19:48:31,4702,7.009054,-6.09354,-2.6492321
2019-06-13 19:48:31,4802,4.180611,-3.750421,-0.97008264
2019-06-13 19:48:31,4903,4.1849113,-5.699646,0.37255695
2019-06-13 19:48:31,5002,7.8776994,-10.40636,-1.6178579
2019-06-13 19:48:31,5102,8.170692,-12.411417,0.251621
2019-06-13 19:48:31,5202,8.240096,-11.910273,-2.3598497
2019-06-13 19:48:31,5302,4.946124,-5.4880943,1.0613974
2019-06-13 19:48:31,5402,3.730894,-6.1206617,-0.39372167
2019-06-13 19:48:31,5502,2.2752962,-8.162016,-1.7922707
2019-06-13 19:48:32,5602,5.436897,-11.924054,-0.090481676
2019-06-13 19:48:32,5703,7.1322503,-10.642456,1.5090367
2019-06-13 19:48:32,5802,5.6256557,-7.5994544,-2.1850348
2019-06-13 19:48:32,5902,4.159763,-3.1489978,-1.3793284
2019-06-13 19:48:32,6002,5.290391,-4.9914894,0.12996684
2019-06-13 19:48:32,6103,7.993703,-10.85463,-1.0353487
2019-06-13 19:48:32,6203,8.33459,-13.069286,-0.3472646
2019-06-13 19:48:32,6302,6.2764,-11.248209,-1.0981437
2019-06-13 19:48:32,6403,5.480711,-4.670618,0.5054447
2019-06-13 19:48:32,6502,4.299565,-6.0654035,-1.0393325
2019-06-13 19:48:33,6602,2.702594,-8.619979,-0.22074538
2019-06-13 19:48:33,6702,3.651215,-11.157066,0.1770177
2019-06-13 19:48:33,6802,5.6572495,-9.524652,-0.61943746
2019-06-13 19:48:33,6902,8.034586,-9.118336,-3.77421
2019-06-13 19:48:33,7003,3.329262,-3.483324,-0.6858909
2019-06-13 19:48:33,7102,3.230439,-4.6898966,0.36434004
2019-06-13 19:48:33,7202,6.5476723,-8.608821,-0.9845341
2019-06-13 19:48:33,7302,11.279467,-12.66457,-1.7172173
2019-06-13 19:48:33,7402,11.399062,-8.465151,-0.23149057
2019-06-13 19:48:33,7503,2.5315812,-8.861707,-2.2086606
2019-06-13 19:48:34,7602,3.8015807,-5.9250555,-0.798313
2019-06-13 19:48:34,7702,0.71866274,-7.3950663,0.14977168
2019-06-13 19:48:34,7802,4.30285,-7.810767,-0.48960468
2019-06-13 19:48:34,7903,8.543584,-9.86144,0.71439147
2019-06-13 19:48:34,8002,8.781769,-9.228153,1.1582764
2019-06-13 19:48:34,8102,5.542472,-7.822891,-4.6120653
2019-06-13 19:48:34,8202,4.8742976,-5.736641,-0.46617982
2019-06-13 19:48:34,8302,6.253032,-6.249039,-0.3744819
2019-06-13 19:48:34,8403,6.700671,-5.936586,0.8689994
2019-06-13 19:48:34,8502,5.4766216,-8.322628,0.35872802
2019-06-13 19:48:35,8602,4.963975,-8.409136,0.49270755
2019-06-13 19:48:35,8702,5.810153,-8.352566,-1.4427747
2019-06-13 19:48:35,8802,5.5837765,-9.122416,-0.012210428
2019-06-13 19:48:35,8902,5.4489064,-8.735245,1.0535349
2019-06-13 19:48:35,9003,5.6014743,-8.285499,0.46590206
2019-06-13 19:48:35,9102,5.3760552,-10.912503,2.984267
2019-06-13 19:48:35,9202,4.583029,-9.7503195,0.19246508
2019-06-13 19:48:35,9302,2.008381,-11.4122305,0.45863327
2019-06-13 19:48:35,9402,2.5901623,-10.620066,-2.1817212
2019-06-13 19:48:35,9503,3.6607249,-10.170454,-2.865984
2019-06-13 19:48:36,9602,5.3047466,-6.4996257,-1.488887
2019-06-13 19:48:36,9702,5.543247,-8.341715,-1.3365871
2019-06-13 19:48:36,9802,6.561951,-7.4201484,-1.4799136
2019-06-13 19:48:36,9902,6.2017965,-8.526384,-1.5487804
2019-06-13 19:48:36,10002,4.599271,-7.9517856,-1.5870588
2019-06-13 19:48:36,10103,4.8937864,-6.338285,-1.2980021
2019-06-13 19:48:36,10202,6.1812735,-6.720247,-0.93791413
2019-06-13 19:48:36,10302,7.3117867,-8.202085,-1.4698387
2019-06-13 19:48:36,10402,7.727889,-8.95236,-1.9316227
2019-06-13 19:48:36,10502,8.451379,-8.9354,-0.6521135
2019-06-13 19:48:37,10603,5.1377172,-8.967711,-3.1707945
2019-06-13 19:48:37,10702,3.970046,-7.1449394,1.5865704
2019-06-13 19:48:37,10802,2.922401,-5.9849586,-0.64328367
2019-06-13 19:48:37,10902,3.983904,-6.9817414,-0.24285825
2019-06-13 19:48:37,11003,5.698698,-12.389572,-1.8263545
2019-06-13 19:48:37,11102,5.0091968,-12.231775,-1.2976094
2019-06-13 19:48:37,11202,8.937746,-9.815509,-1.2158043
2019-06-13 19:48:37,11302,1.6545466,-4.163182,-0.6709894
2019-06-13 19:48:37,11403,5.334224,-4.2976685,-0.20877439
2019-06-13 19:48:37,11502,4.5298963,-9.5627,-0.18858649
2019-06-13 19:48:38,11602,8.193858,-14.819505,-1.3220208
2019-06-13 19:48:38,11702,9.81526,-9.37375,-1.3592458
2019-06-13 19:48:38,11802,4.178447,-5.9787335,-0.7903834
2019-06-13 19:48:38,11903,3.246566,-4.905432,-0.26361117
2019-06-13 19:48:38,12002,2.6657903,-6.3188057,-0.66887295
2019-06-13 19:48:38,12102,4.584772,-12.313082,-0.26987442
2019-06-13 19:48:38,12202,6.8124423,-12.568295,-2.0928385
2019-06-13 19:48:38,12303,7.702865,-8.827949,-1.878596
2019-06-13 19:48:38,12402,2.6105707,-3.4397016,-1.3118215
2019-06-13 19:48:38,12502,3.8121724,-5.331973,0.39843348
2019-06-13 19:48:39,12602,6.4859595,-9.063652,-0.36759615
2019-06-13 19:48:39,12702,9.133257,-12.612511,-0.8988695
2019-06-13 19:48:39,12803,10.278222,-8.595136,-0.92020667
2019-06-13 19:48:39,12902,3.6693246,-6.7599134,-0.039791632
2019-06-13 19:48:39,13002,3.0713778,-4.603255,-0.36769193
2019-06-13 19:48:39,13103,3.662535,-6.899716,-0.93291503
2019-06-13 19:48:39,13202,5.779344,-12.460661,0.5542864
2019-06-13 19:48:39,13302,5.4393487,-9.995438,-0.012344505
2019-06-13 19:48:39,13402,6.885494,-8.326018,-2.5147355
2019-06-13 19:48:39,13503,3.1618116,-3.6699378,-1.2654026
2019-06-13 19:48:40,13602,3.6679745,-4.972508,-0.1438149
2019-06-13 19:48:40,13702,6.596083,-9.663668,-1.7378266
2019-06-13 19:48:40,13802,8.431929,-13.713479,-0.7374907
2019-06-13 19:48:40,13902,8.640013,-10.909908,-1.301488
2019-06-13 19:48:40,14003,5.315597,-3.9074905,0.9158492
2019-06-13 19:48:40,14102,3.050443,-4.4015865,-0.38354152
2019-06-13 19:48:40,14202,3.6812289,-8.544945,-0.88395846
2019-06-13 19:48:40,14303,6.6726403,-12.126287,0.5927085
2019-06-13 19:48:40,14402,9.557175,-11.584546,1.3620996
2019-06-13 19:48:40,14502,4.5791306,-5.0975523,-1.948497
2019-06-13 19:48:41,14602,3.2252772,-3.3091123,-0.77984893
2019-06-13 19:48:41,14702,3.8021166,-6.5429416,-0.38601235
2019-06-13 19:48:41,14802,7.347652,-11.323923,0.22793758
2019-06-13 19:48:41,14902,8.479066,-10.247451,-0.26616818
2019-06-13 19:48:41,15002,5.819318,-10.664828,-0.98808706
2019-06-13 19:48:41,15103,3.4313986,-4.28497,1.3707954
2019-06-13 19:48:41,15202,2.649596,-5.7644906,-1.0028449
2019-06-13 19:48:41,15302,4.2336283,-9.493929,-1.910075
2019-06-13 19:48:41,15402,6.9614763,-12.848551,-1.3434919
2019-06-13 19:48:41,15502,10.421338,-10.11962,0.46916777
2019-06-13 19:48:42,15603,3.5254235,-5.7188377,-1.6732023
2019-06-13 19:48:42,15702,3.4700122,-3.9703908,0.35987726
2019-06-13 19:48:42,15802,3.9432406,-5.7143273,-0.47367844
2019-06-13 19:48:42,15902,8.499253,-10.05467,-0.4174626
2019-06-13 19:48:42,16002,8.700338,-11.280004,-0.1628057
2019-06-13 19:48:42,16103,5.026224,-9.487752,-0.29148924
2019-06-13 19:48:42,16202,2.8583033,-4.985159,-0.5833137
2019-06-13 19:48:42,16302,2.6580715,-6.321315,-0.29142225
2019-06-13 19:48:42,16402,5.026119,-9.098838,-0.463709
2019-06-13 19:48:42,16502,5.172989,-14.452521,0.1441884
2019-06-13 19:48:43,16603,5.4824247,-7.462305,-2.1262138
2019-06-13 19:48:43,16702,3.813111,-5.9151244,-2.4481096
2019-06-13 19:48:43,16802,5.100215,-9.15696,0.015571888
2019-06-13 19:48:43,16902,6.6461887,-8.281697,-0.68004906
2019-06-13 19:48:43,17003,3.330296,-9.28866,-1.4291085
2019-06-13 19:48:43,17102,5.184261,-8.484533,-0.5431582
2019-06-13 19:48:43,17202,4.9252467,-7.926608,-0.44960237
2019-06-13 19:48:43,17303,5.409105,-7.9046583,-0.88510764
2019-06-13 19:48:43,17402,6.244672,-8.456647,-0.7176093
2019-06-13 19:48:43,17502,7.0744543,-6.9036617,-0.05191587
2019-06-13 19:48:44,17603,7.4309983,-6.8572426,-1.0475589
2019-06-13 19:48:44,17702,5.2087483,-7.484064,0.70829105
2019-06-13 19:48:44,17802,6.320721,-9.069667,0.5667363
2019-06-13 19:48:44,17902,5.852617,-8.6674595,-0.37774757
2019-06-13 19:48:44,18002,5.58935,-8.429515,1.173427
2019-06-13 19:48:44,18102,5.004964,-9.654504,1.3891253
2019-06-13 19:48:44,18203,5.989325,-8.26103,-0.15814182
2019-06-13 19:48:44,18302,5.155674,-8.809446,1.2533455
2019-06-13 19:48:44,18402,4.5106277,-9.333393,1.7884208
2019-06-13 19:48:44,18502,3.6880283,-11.180625,-0.8238544
2019-06-13 19:48:45,18602,3.956811,-10.123422,-1.3182858
2019-06-13 19:48:45,18703,3.0999644,-8.41265,-0.24177606
2019-06-13 19:48:45,18802,3.5978246,-9.744143,-2.1120114
2019-06-13 19:48:45,18902,3.8748717,-9.509855,-1.2564003
2019-06-13 19:48:45,19002,5.2815228,-8.3864,-1.4317997
2019-06-13 19:48:45,19103,5.6078906,-8.273901,-0.9559856
2019-06-13 19:48:45,19202,5.9388943,-7.905156,-0.78347856
2019-06-13 19:48:45,19302,5.3625617,-7.546591,-1.7076883
2019-06-13 19:48:45,19402,5.5194774,-8.578903,-0.20943518
2019-06-13 19:48:45,19503,5.8911443,-7.730839,-0.6476986
2019-06-13 19:48:46,19602,5.302764,-7.8421307,-0.8907579
2019-06-13 19:48:46,19702,4.8137627,-7.3961296,-1.0123355
2019-06-13 19:48:46,19802,6.4253764,-6.3948936,-1.4086621
2019-06-13 19:48:46,19903,7.810384,-7.1247993,-2.1093779
2019-06-13 19:48:46,20002,8.365129,-10.643481,-0.5714002
2019-06-13 19:48:46,20102,7.7312126,-9.152372,-0.97062856
2019-06-13 19:48:46,20206,5.209984,-9.335509,-0.5207102
2019-06-13 19:48:46,20302,3.3341558,-6.787964,0.23935314
2019-06-13 19:48:46,20402,2.4571214,-5.267138,-0.42360133
2019-06-13 19:48:46,20502,4.465148,-7.5965624,-0.45448652
2019-06-13 19:48:47,20603,8.161575,-12.727624,-1.0233488
2019-06-13 19:48:47,20702,6.211364,-9.279323,-2.0274866
2019-06-13 19:48:47,20802,5.5430746,-10.566014,-2.2074826
2019-06-13 19:48:47,20903,3.9831662,-4.5566254,-0.58248055
2019-06-13 19:48:47,21002,3.0151808,-4.7174397,-0.3478871
2019-06-13 19:48:47,21102,5.0636883,-7.323729,-0.64133
2019-06-13 19:48:47,21202,7.699973,-11.289169,-0.9387473
2019-06-13 19:48:47,21302,7.956708,-9.473656,0.19503167
2019-06-13 19:48:47,21403,5.4158664,-8.96505,-0.18862478
2019-06-13 19:48:47,21502,3.2895756,-4.2307076,1.382527
2019-06-13 19:48:48,21602,2.8085997,-5.6711555,-0.9301953
2019-06-13 19:48:48,21702,6.554424,-10.01213,-1.2007304
2019-06-13 19:48:48,21803,8.959668,-11.892593,-0.047520116
2019-06-13 19:48:48,21902,8.053213,-9.721234,0.51806694
2019-06-13 19:48:48,22002,3.0198355,-6.000645,-0.6375568
2019-06-13 19:48:48,22102,2.8363533,-3.4818873,-1.2006826
2019-06-13 19:48:48,22202,5.366105,-7.0098104,-0.154675
2019-06-13 19:48:48,22303,8.762444,-11.369967,-0.54334974
2019-06-13 19:48:48,22402,8.244874,-10.619127,1.0450594
2019-06-13 19:48:48,22502,3.1491606,-9.294626,-0.029965827
2019-06-13 19:48:49,22602,3.9195955,-3.9301014,1.9349076
2019-06-13 19:48:49,22702,2.2554624,-6.3548913,-1.0493212
2019-06-13 19:48:49,22802,5.739246,-10.063529,-1.9601138
2019-06-13 19:48:49,22903,10.796787,-11.714437,0.23867317
2019-06-13 19:48:49,23002,8.352785,-9.834461,1.630279
2019-06-13 19:48:49,23102,2.9230902,-4.6060324,-2.8867178
2019-06-13 19:48:49,23203,3.0842874,-3.5915804,-0.29953378
2019-06-13 19:48:49,23302,5.4232593,-6.5027,0.254676
2019-06-13 19:48:49,23402,8.583107,-11.331996,-1.3625115
2019-06-13 19:48:49,23502,9.424526,-9.4338255,-0.2585642
2019-06-13 19:48:50,23602,5.7349176,-9.750521,-1.3228636
2019-06-13 19:48:50,23702,3.52053,-3.568979,1.2963549
2019-06-13 19:48:50,23803,3.5448837,-4.985781,-0.8023832
2019-06-13 19:48:50,23902,5.3427954,-9.067819,-0.61430424
2019-06-13 19:48:50,24002,8.531566,-12.336191,-0.88871807
2019-06-13 19:48:50,24102,8.670851,-10.787708,0.97082967
2019-06-13 19:48:50,24202,3.6335075,-5.9192996,-2.784361
2019-06-13 19:48:50,24303,3.1533265,-3.6344078,-0.4611041
2019-06-13 19:48:50,24402,4.61355,-6.064886,-0.35942712
2019-06-13 19:48:50,24502,8.12368,-11.521311,-1.1914601
2019-06-13 19:48:51,24602,7.7767887,-11.284782,-0.4146853
2019-06-13 19:48:51,24702,6.282452,-11.1606865,-0.14126748
2019-06-13 19:48:51,24803,2.6578321,-5.642626,1.8100932
2019-06-13 19:48:51,24902,2.0096164,-5.611798,-0.9561963
2019-06-13 19:48:51,25002,3.515416,-7.563896,-0.78847766
2019-06-13 19:48:51,25102,6.3874807,-11.040928,0.9577956
2019-06-13 19:48:51,25202,8.768026,-11.101568,0.85536206
2019-06-13 19:48:51,25303,6.241463,-7.284818,-3.3473237
2019-06-13 19:48:51,25402,2.0934422,-4.141241,-0.41753918
2019-06-13 19:48:51,25502,3.5493753,-5.6551332,0.5723866
2019-06-13 19:48:52,25602,6.7210894,-9.231534,-2.1930122
2019-06-13 19:48:52,25702,8.276343,-14.03639,-1.7556968
2019-06-13 19:48:52,25803,8.998397,-10.198878,-0.1822562
2019-06-13 19:48:52,25902,2.2116678,-6.949582,-0.07083006
2019-06-13 19:48:52,26002,3.1179307,-6.109859,-0.80016136
2019-06-13 19:48:52,26102,4.3361006,-6.5912185,0.5477742
2019-06-13 19:48:52,26202,5.1109023,-10.389275,-0.22527522
2019-06-13 19:48:52,26302,7.0858984,-11.477553,-1.1605366
2019-06-13 19:48:52,26403,8.584276,-7.4978065,-0.041180268
2019-06-13 19:48:52,26502,3.5168526,-6.8197594,-3.495257
2019-06-13 19:48:53,26602,3.9761178,-8.451858,-1.487374
2019-06-13 19:48:53,26703,5.2736316,-7.608294,-2.00546
2019-06-13 19:48:53,26802,6.524458,-7.599608,-1.5356601
2019-06-13 19:48:53,26902,8.390393,-7.107255,-0.69310224
2019-06-13 19:48:53,27002,8.01482,-6.291062,0.84145653
2019-06-13 19:48:53,27102,5.7239523,-9.558917,1.9795547
2019-06-13 19:48:53,27203,6.3507156,-8.336974,1.1001644
2019-06-13 19:48:53,27302,5.907281,-8.353504,0.36656186
2019-06-13 19:48:53,27402,6.4135585,-8.745865,2.5832574
2019-06-13 19:48:53,27502,5.765975,-8.733828,1.9733872
2019-06-13 19:48:54,27602,3.9005089,-9.567182,2.543351
2019-06-13 19:48:54,27702,2.3646476,-13.678544,-1.3199233
2019-06-13 19:48:54,27803,-5.806159,-12.644124,-0.7446638
2019-06-13 19:48:54,27902,7.677563,-9.54481,-1.8720646
2019-06-13 19:48:54,28002,2.6702628,-7.755212,-1.6148124
2019-06-13 19:48:54,28102,4.2521787,-6.2694755,-1.1805905
2019-06-13 19:48:54,28202,6.127088,-8.770391,-1.1394485
2019-06-13 19:48:54,28303,5.70387,-7.491151,-2.3271067
2019-06-13 19:48:54,28402,5.66381,-7.439168,-0.78904265
2019-06-13 19:48:54,28502,5.778396,-7.1105394,-0.7360925
2019-06-13 19:48:55,28602,6.441791,-9.082586,-1.0255516
2019-06-13 19:48:55,28702,7.409786,-11.979437,-1.9598169
2019-06-13 19:48:55,28803,8.484812,-7.2893386,-0.020149602
2019-06-13 19:48:55,28902,3.3528018,-7.3327217,-0.22766943
2019-06-13 19:48:55,29002,4.020401,-5.779431,-0.35475367
2019-06-13 19:48:55,29102,3.8017814,-6.8426094,-0.5217157
2019-06-13 19:48:55,29203,5.711933,-8.559654,-1.0194798
2019-06-13 19:48:55,29302,7.0190907,-13.38942,0.18232325
2019-06-13 19:48:55,29403,7.395134,-6.6842184,0.734905
2019-06-13 19:48:55,29503,2.3841653,-9.193208,-2.4664013
2019-06-13 19:48:56,29602,1.9336244,-5.554222,0.03821146
2019-06-13 19:48:56,29702,4.0748644,-5.361116,-0.6080602
2019-06-13 19:48:56,29803,7.4334407,-9.300056,-1.4797986
2019-06-13 19:48:56,29902,9.020012,-13.263475,-0.1469944
2019-06-13 19:48:56,30002,8.841634,-9.409261,-1.6262375
2019-06-13 19:48:56,30102,3.9495423,-7.0170794,0.6980343
2019-06-13 19:48:56,30203,1.5261983,-5.2976217,-0.04630386
2019-06-13 19:48:56,30303,3.830311,-7.13203,-0.52506757
2019-06-13 19:48:56,30402,7.56471,-12.334947,-1.2347952
2019-06-13 19:48:56,30502,6.4982944,-10.323147,0.21994095
2019-06-13 19:48:57,30603,6.386092,-9.175145,-3.3446805
2019-06-13 19:48:57,30702,2.8793628,-4.3583283,-0.9641546
2019-06-13 19:48:57,30802,3.1807833,-5.260444,-0.41151538
2019-06-13 19:48:57,30903,6.242153,-9.749822,-1.3921708
2019-06-13 19:48:57,31002,9.00534,-12.871755,-0.42333317
2019-06-13 19:48:57,31102,9.232004,-9.144749,-1.2937691
2019-06-13 19:48:57,31202,5.414985,-7.0317225,0.16804424
2019-06-13 19:48:57,31303,3.2770875,-4.7001724,0.014460978
2019-06-13 19:48:57,31402,3.2187457,-7.1431007,0.17849252
2019-06-13 19:48:57,31502,5.640883,-12.380781,-0.91165453
2019-06-13 19:48:58,31602,5.285468,-12.680296,-2.8183584
2019-06-13 19:48:58,31703,8.296541,-8.784565,-0.63341
2019-06-13 19:48:58,31803,2.587519,-3.9442558,-1.2811756
2019-06-13 19:48:58,31902,2.8777251,-5.1919985,0.3956945
2019-06-13 19:48:58,32002,6.2429285,-8.318041,-1.2931755
2019-06-13 19:48:58,32102,8.712998,-10.569701,-1.5297416
2019-06-13 19:48:58,32203,8.143111,-9.258157,-1.1207737
2019-06-13 19:48:58,32302,4.9373326,-10.151654,-0.7773973
2019-06-13 19:48:58,32402,1.9372252,-4.114838,-0.12604035
2019-06-13 19:48:58,32502,4.036605,-6.010998,0.2335017
2019-06-13 19:48:59,32602,4.6038966,-11.607329,-1.2664849
2019-06-13 19:48:59,32702,8.017922,-12.624511,-1.5036258
2019-06-13 19:48:59,32802,8.391447,-10.934788,0.75074506
2019-06-13 19:48:59,32902,3.6438696,-4.569793,-0.748686
2019-06-13 19:48:59,33002,4.3347406,-3.4777696,-0.4582598
2019-06-13 19:48:59,33102,5.4649663,-7.041644,-1.398434
2019-06-13 19:48:59,33204,8.219534,-10.048972,-0.08433336
2019-06-13 19:48:59,33302,8.003998,-9.928554,0.09073067
2019-06-13 19:48:59,33402,4.253079,-11.35679,-0.31267315
2019-06-13 19:48:59,33502,3.1554239,-3.4263709,0.13111606
2019-06-13 19:49:00,33603,2.2403407,-5.5666337,-1.059961
2019-06-13 19:49:00,33702,5.7632456,-8.703929,-0.29063693
2019-06-13 19:49:00,33802,8.187672,-11.99223,0.9119514
2019-06-13 19:49:00,33903,8.684995,-8.434408,1.8970314
2019-06-13 19:49:00,34002,5.502019,-6.8271523,-2.656884
2019-06-13 19:49:00,34103,2.4927855,-4.1161594,-1.4352665
2019-06-13 19:49:00,34202,4.1300745,-5.269217,-0.68885016
2019-06-13 19:49:00,34302,6.8914223,-9.52989,-1.5653961
2019-06-13 19:49:00,34402,8.229475,-14.841666,-1.3697227
2019-06-13 19:49:00,34503,6.900099,-11.470476,-0.9895427
2019-06-13 19:49:01,34602,1.8490419,-7.2232966,-0.48303497
2019-06-13 19:49:01,34702,2.7750235,-6.480769,-2.0548477
2019-06-13 19:49:01,34802,2.8783283,-6.9197216,0.619447
2019-06-13 19:49:01,34902,5.4919157,-10.1495,-0.5918467
2019-06-13 19:49:01,35003,7.0822115,-16.72076,-3.7841794
2019-06-13 19:49:01,35102,6.8887696,-11.56136,0.81660473
2019-06-13 19:49:01,35202,2.9487753,-5.9985576,-2.5270607
2019-06-13 19:49:01,35302,4.0114083,-8.418961,-0.69937503
2019-06-13 19:49:01,35402,4.8344774,-8.633942,-0.69791937
2019-06-13 19:49:01,35502,5.4403925,-8.484983,-0.47375506
2019-06-13 19:49:02,35603,4.1081057,-9.083859,-0.78588235
2019-06-13 19:49:02,35702,4.906495,-8.747445,0.07519709
2019-06-13 19:49:02,35802,5.0256014,-8.5656395,-0.48767015
2019-06-13 19:49:02,35902,5.242957,-8.189098,-0.3949475
2019-06-13 19:49:02,36003,7.0168977,-7.912128,-0.4611137
2019-06-13 19:49:02,36102,5.854886,-7.6335387,-0.075225815
2019-06-13 19:49:02,36203,6.876885,-7.6773047,-0.8660019
2019-06-13 19:49:02,36303,5.46195,-7.81454,0.60615444
2019-06-13 19:49:02,36402,6.1051474,-7.376066,0.42429087
2019-06-13 19:49:02,36502,7.4215083,-8.254432,0.4231991
2019-06-13 19:49:03,36602,6.2694182,-8.167608,1.2851309
2019-06-13 19:49:03,36703,6.105339,-7.817988,1.4028393
2019-06-13 19:49:03,36802,5.621959,-9.173729,1.7151965
2019-06-13 19:49:03,36902,4.5072284,-9.065233,1.3990374
2019-06-13 19:49:03,37002,4.3710365,-8.80278,1.6504861
2019-06-13 19:49:03,37103,5.072653,-10.395174,4.435824
2019-06-13 19:49:03,37202,4.787053,-8.896977,0.07067683
2019-06-13 19:49:03,37302,2.5253847,-10.404166,1.4015849
2019-06-13 19:49:03,37402,3.3199055,-9.210092,-0.32852277
2019-06-13 19:49:03,37503,4.7414293,-10.061278,-1.0065416
2019-06-13 19:49:04,37602,5.433411,-8.190277,-2.5238237
2019-06-13 19:49:04,37702,6.4664707,-7.8995824,-0.413584
2019-06-13 19:49:04,37802,6.1392217,-7.797934,-1.0955963
2019-06-13 19:49:04,37903,5.607996,-8.165368,-0.51944596
2019-06-13 19:49:04,38002,5.5226474,-7.8188214,-0.46393883
2019-06-13 19:49:04,38102,5.9086313,-8.109296,-1.1845648
2019-06-13 19:49:04,38202,5.401434,-8.076284,-0.6613647
2019-06-13 19:49:04,38303,5.785943,-7.482254,-0.6205771
2019-06-13 19:49:04,38402,4.940703,-8.340249,-1.8286912
2019-06-13 19:49:04,38502,5.2480516,-8.707922,-1.585651
2019-06-13 19:49:05,38602,5.186923,-8.143934,-1.2407615
2019-06-13 19:49:05,38702,4.579006,-7.718408,-1.396107
2019-06-13 19:49:05,38803,5.813294,-8.538001,0.33386663
2019-06-13 19:49:05,38902,5.6739326,-8.557106,-1.5477364
2019-06-13 19:49:05,39002,7.159956,-5.2107787,0.08704359
2019-06-13 19:49:05,39102,4.7625937,-6.710325,-2.942972
2019-06-13 19:49:05,39202,4.0877357,-7.5587244,-0.17418297
2019-06-13 19:49:05,39303,4.8526063,-13.252088,-1.5789856
2019-06-13 19:49:05,39402,14.482229,-14.251581,1.8090013
2019-06-13 19:49:05,39502,3.5858247,1.8385363,3.5709903
2019-06-13 19:49:06,39602,4.944505,-1.7853466,1.3452828
2019-06-13 19:49:06,39702,10.312421,-17.84658,-1.1025969
2019-06-13 19:49:06,39803,12.6181135,-18.17855,1.1495807
2019-06-13 19:49:06,39902,-3.2955995,-3.919653,0.7316968
2019-06-13 19:49:06,40002,-6.8966994,-4.9025493,-3.7906725
2019-06-13 19:49:06,40102,7.654694,-12.158389,-3.1129029
2019-06-13 19:49:06,40203,21.003815,-12.805224,1.7955747
2019-06-13 19:49:06,40303,8.619758,1.7177919,9.628685
2019-06-13 19:49:06,40402,3.9751313,5.446426,1.6235082
2019-06-13 19:49:06,40502,17.607044,0.7362841,1.0959315
2019-06-13 19:49:07,40602,24.79375,-20.794704,1.7150433
2019-06-13 19:49:07,40702,-2.912393,-1.788143,-7.618397
2019-06-13 19:49:07,40803,-9.881167,-5.325902,-6.334378
2019-06-13 19:49:07,40902,2.7806544,-6.243963,-8.435605
2019-06-13 19:49:07,41002,23.74964,-22.95004,3.0237331
2019-06-13 19:49:07,41102,4.9862123,-1.636389,3.9623082
2019-06-13 19:49:07,41202,-0.22164561,6.122855,2.142983
2019-06-13 19:49:07,41303,12.805177,4.6043754,-1.3654802
2019-06-13 19:49:07,41402,19.204016,-16.746376,4.1364813
2019-06-13 19:49:07,41502,6.9199805,-16.977245,0.9987652
2019-06-13 19:49:08,41602,-1.3305057,-1.4230082,-4.22862
2019-06-13 19:49:08,41702,-4.7117314,-5.7974353,1.5058571
2019-06-13 19:49:08,41803,8.7493515,-12.326901,-4.799781
2019-06-13 19:49:08,41902,22.639408,-14.702074,-9.728197
2019-06-13 19:49:08,42002,7.97137,-3.50831,2.28064
2019-06-13 19:49:08,42102,0.29500398,6.496599,1.4629914
2019-06-13 19:49:08,42203,8.252555,4.841114,-5.0344796
2019-06-13 19:49:08,42302,22.786673,-19.191824,6.06752
2019-06-13 19:49:08,42402,8.36128,-14.431079,4.046383
2019-06-13 19:49:08,42502,-4.3563843,-1.8513883,-9.070271
2019-06-13 19:49:09,42602,-4.244891,-4.283801,1.2597907
2019-06-13 19:49:09,42703,8.941453,-3.441368,-0.6395296
2019-06-13 19:49:09,42802,28.28123,-11.918268,10.429191
2019-06-13 19:49:09,42902,15.142952,-5.3308244,-3.7176206
2019-06-13 19:49:09,43002,2.2344127,2.5959754,1.9818244
2019-06-13 19:49:09,43103,4.0791163,4.3312163,-0.6483403
2019-06-13 19:49:09,43202,9.85509,-3.5505438,-0.64332205
2019-06-13 19:49:09,43302,25.150362,-16.419636,1.9704854
2019-06-13 19:49:09,43402,0.72536653,-6.398159,0.039839517
2019-06-13 19:49:09,43502,-9.79216,-4.0067825,-4.005509
2019-06-13 19:49:10,43603,3.1238394,-7.706102,-2.4841757
2019-06-13 19:49:10,43702,23.119762,-19.202934,2.2909062
2019-06-13 19:49:10,43802,12.298784,-3.1170974,1.3757563
2019-06-13 19:49:10,43902,-0.19340362,3.186759,3.373344
2019-06-13 19:49:10,44002,4.604816,2.5768795,2.1585166
2019-06-13 19:49:10,44103,10.068059,-4.7380104,0.17654844
2019-06-13 19:49:10,44202,24.408907,-14.951052,-3.503349
2019-06-13 19:49:10,44302,1.2211003,-12.594928,0.8930851
2019-06-13 19:49:10,44402,-0.6919338,-2.2529821,-4.993079
2019-06-13 19:49:10,44502,0.061339445,-3.1465364,-1.7154647
2019-06-13 19:49:11,44603,10.820613,-14.848187,-10.67768
2019-06-13 19:49:11,44702,21.565876,-9.050838,5.5637994
2019-06-13 19:49:11,44802,11.489802,-1.7794282,-2.6544323
2019-06-13 19:49:11,44902,7.7762136,-1.406038,0.58494174
2019-06-13 19:49:11,45004,3.6691427,-2.557467,1.2172792
2019-06-13 19:49:11,45102,10.87366,-15.628851,-1.5173684
2019-06-13 19:49:11,45202,14.41024,-7.901067,-0.94711745
2019-06-13 19:49:11,45303,3.584733,-5.407228,3.2457712
2019-06-13 19:49:11,45402,5.7031994,-7.467984,0.1242016
2019-06-13 19:49:11,45502,8.325329,-7.9571104,1.0405201
2019-06-13 19:49:12,45602,5.480069,-7.9215994,1.451662
2019-06-13 19:49:12,45704,4.8507485,-8.8454075,0.23856784
2019-06-13 19:49:12,45802,5.762604,-8.08884,-0.5582991
2019-06-13 19:49:12,45903,6.311968,-8.046098,-1.329098
2019-06-13 19:49:12,46002,5.901688,-8.652128,-0.5623501
2019-06-13 19:49:12,46102,5.541131,-8.287443,-0.674121
2019-06-13 19:49:12,46202,6.612172,-7.4820814,-0.8907484
2019-06-13 19:49:12,46302,6.6662526,-7.4017706,-0.23604913
2019-06-13 19:49:12,46403,7.226716,-7.2094197,-0.79735535
2019-06-13 19:49:12,46502,7.3121314,-6.967357,-0.787836
2019-06-13 19:49:13,46602,7.1377378,-7.1963477,-0.1692509
2019-06-13 19:49:13,46702,6.4941187,-6.778397,-0.38573462
2019-06-13 19:49:13,46802,8.443794,-6.3238335,-0.196382
2019-06-13 19:49:13,46902,7.5937853,-6.452872,0.11184753
2019-06-13 19:49:13,47003,6.629937,-6.6542144,0.10652282
2019-06-13 19:49:13,47102,6.544589,-6.4605618,-0.409035
2019-06-13 19:49:13,47202,7.2117567,-6.529122,-0.2142619
2019-06-13 19:49:13,47303,8.440021,-5.443294,0.9060425
2019-06-13 19:49:13,47402,7.2039614,-4.7836246,1.87217
2019-06-13 19:49:13,47502,8.747857,-5.1577425,0.98626745
2019-06-13 19:49:14,47602,7.857636,-6.474984,-0.23667163
2019-06-13 19:49:14,47702,8.535769,-6.830897,-1.6938403
2019-06-13 19:49:14,47803,12.276776,-5.9835505,0.4989229
2019-06-13 19:49:14,47902,9.982106,0.57288456,4.5099573
2019-06-13 19:49:14,48002,15.515816,8.894852,2.4993932
2019-06-13 19:49:14,48102,29.835766,-4.2346344,13.307136
2019-06-13 19:49:14,48203,11.428301,-12.546076,5.28339
2019-06-13 19:49:14,48302,-5.7414107,-5.7520313,-9.016975
2019-06-13 19:49:14,48402,-3.0843446,-13.909508,-2.2972367
2019-06-13 19:49:14,48502,35.799873,-9.709599,5.9279475
2019-06-13 19:49:15,48602,2.341376,2.4252784,2.6751373
2019-06-13 19:49:15,48704,-0.8103032,11.117533,9.014007
2019-06-13 19:49:15,48802,16.798992,8.058079,1.8540794
2019-06-13 19:49:15,48902,34.60021,-18.340294,13.993084
2019-06-13 19:49:15,49002,-2.3933973,-7.8605285,1.1145583
2019-06-13 19:49:15,49103,-4.277021,-10.41563,-1.1218176
2019-06-13 19:49:15,49202,13.310737,-15.264722,-7.8433666
2019-06-13 19:49:15,49302,24.829863,-0.7071131,-5.8110147
2019-06-13 19:49:15,49402,3.4802213,3.934497,10.440711
2019-06-13 19:49:15,49502,13.449697,15.867112,16.678143
2019-06-13 19:49:16,49603,28.516062,-0.36651397,9.1141615
2019-06-13 19:49:16,49702,9.7296915,-13.435235,-3.4128768
2019-06-13 19:49:16,49802,-5.6742773,-5.526948,-6.5618362
2019-06-13 19:49:16,49902,5.9309354,-12.055974,-0.81194085
2019-06-13 19:49:16,50003,48.75269,-10.0812845,13.758874
2019-06-13 19:49:16,50102,4.5547485,6.167004,6.8495717
2019-06-13 19:49:16,50203,-0.96308196,10.584843,15.70877
2019-06-13 19:49:16,50302,19.540218,6.0728445,1.4919899
2019-06-13 19:49:16,50402,32.045757,-18.623787,1.0510832
2019-06-13 19:49:16,50503,-8.778025,-7.962674,-3.588918
2019-06-13 19:49:17,50602,-5.9262714,-10.025988,-1.8495783
2019-06-13 19:49:17,50702,9.714512,-18.254667,-15.5156145
2019-06-13 19:49:17,50802,17.796494,-3.981251,-9.19181
2019-06-13 19:49:17,50902,7.739956,4.807471,5.295945
2019-06-13 19:49:17,51002,5.8147016,13.613958,13.341794
2019-06-13 19:49:17,51102,14.437774,5.8902054,1.868502
2019-06-13 19:49:17,51202,39.945656,-20.327118,1.5301151
2019-06-13 19:49:17,51302,-3.8321307,-9.613361,-2.630969
2019-06-13 19:49:17,51402,-5.550325,-9.213051,1.3709486
2019-06-13 19:49:17,51503,5.0095606,-16.479004,-14.00449
2019-06-13 19:49:18,51602,23.854015,-0.12622231,-2.5237663
2019-06-13 19:49:18,51702,8.367084,5.3389835,10.3145275
2019-06-13 19:49:18,51802,8.26557,11.17305,6.7597795
2019-06-13 19:49:18,51902,22.236782,3.7487645,6.849964
2019-06-13 19:49:18,52002,12.303717,-13.635084,-2.3476012
2019-06-13 19:49:18,52103,-7.02295,-3.7668839,-7.5375695
2019-06-13 19:49:18,52202,-2.0610054,-7.271765,-4.890789
2019-06-13 19:49:18,52302,13.6713705,-22.692827,-7.4888806
2019-06-13 19:49:18,52402,17.920025,-6.947111,-12.608077
2019-06-13 19:49:18,52503,8.780495,1.3290789,1.6621506
2019-06-13 19:49:19,52603,1.9732819,9.552559,-2.3526385
2019-06-13 19:49:19,52702,21.523777,-17.522932,-1.2408956
2019-06-13 19:49:19,52803,10.558861,-14.264491,6.7732635
2019-06-13 19:49:19,52902,10.978276,-5.131521,3.2478113
2019-06-13 19:49:19,53002,5.692789,-5.0165133,3.7197948
2019-06-13 19:49:19,53102,4.8877916,-6.5829725,3.5167089
2019-06-13 19:49:19,53203,7.6002207,-9.42467,1.0841136
2019-06-13 19:49:19,53302,18.981115,-7.61201,0.74694306
2019-06-13 19:49:19,53402,13.654487,-3.9929345,-3.3801148
2019-06-13 19:49:19,53502,4.707719,-2.4588354,-3.650037
2019-06-13 19:49:20,53602,9.695319,-2.8971372,0.7277128
2019-06-13 19:49:20,53702,14.415355,-4.0198646,0.32452926
2019-06-13 19:49:20,53803,8.177405,-4.02789,-0.5248856
2019-06-13 19:49:20,53902,7.486027,-5.268479,-0.031115046
2019-06-13 19:49:20,54002,8.379352,-5.784918,0.11080366
2019-06-13 19:49:20,54102,8.708641,-5.6897244,-0.5230085
2019-06-13 19:49:20,54202,8.229274,-5.7017817,-2.4116027
2019-06-13 19:49:20,54302,7.066927,-6.430299,-1.2102498
2019-06-13 19:49:20,54403,8.249212,-5.6432486,-0.8671703
2019-06-13 19:49:20,54502,6.34134,-4.979968,1.6718711
2019-06-13 19:49:21,54602,4.326428,-6.8208413,0.41863096
2019-06-13 19:49:21,54702,6.6049514,-6.1433396,-1.8975581
2019-06-13 19:49:21,54803,8.21149,-6.038943,-0.36326742
2019-06-13 19:49:21,54902,7.0273843,-7.7235513,-2.4548132
2019-06-13 19:49:21,55002,4.701829,-8.1631365,0.4852185
2019-06-13 19:49:21,55102,7.9583836,-7.315866,-0.92966855
2019-06-13 19:49:21,55203,5.6154947,-6.7950315,0.06805279
2019-06-13 19:49:21,55302,5.606167,-7.2348948,-2.3636708
2019-06-13 19:49:21,55402,6.269648,-7.776827,-1.401604
2019-06-13 19:49:21,55502,7.4067597,-6.332673,-2.4176936
2019-06-13 19:49:22,55603,7.1204896,-7.4475665,-1.023071
2019-06-13 19:49:22,55702,6.245984,-8.221718,-1.3635936
2019-06-13 19:49:22,55802,6.6369185,-6.661397,-0.75267
2019-06-13 19:49:22,55903,6.744888,-7.3915615,-2.631199
2019-06-13 19:49:22,56002,7.20172,-7.093445,-1.6866575
2019-06-13 19:49:22,56102,7.1854973,-8.084338,-2.158009
2019-06-13 19:49:22,56203,7.6027875,-7.5004883,0.8553142
2019-06-13 19:49:22,56302,7.470695,-7.320626,-2.3007033
2019-06-13 19:49:22,56402,4.5161157,-8.039662,0.2692232
2019-06-13 19:49:22,56502,5.9396315,-7.4189034,-1.7285945
2019-06-13 19:49:23,56603,6.5913906,-7.6881742,-2.5563273
2019-06-13 19:49:23,56702,7.0445557,-6.4271674,-1.2138028
2019-06-13 19:49:23,56802,5.469898,-7.0886183,-0.5163144
2019-06-13 19:49:23,56903,5.339711,-7.7565813,-3.4185178
2019-06-13 19:49:23,57002,6.5250425,-7.819702,-1.4129812
2019-06-13 19:49:23,57102,6.6253114,-7.1835246,-0.40013814
2019-06-13 19:49:23,57203,6.68532,-7.505832,-2.403903
2019-06-13 19:49:23,57302,7.6526537,-8.100724,-1.2901491
2019-06-13 19:49:23,57402,7.157801,-6.7226596,-2.6457844
2019-06-13 19:49:23,57502,5.5328565,-6.695988,-1.3243574
2019-06-13 19:49:24,57603,5.163939,-5.9564004,-1.276052
2019-06-13 19:49:24,57702,6.759827,-5.0570807,-1.5517875
2019-06-13 19:49:24,57802,8.398592,-6.1140347,-0.81368387
2019-06-13 19:49:24,57903,8.428729,-9.140066,-1.6928729
2019-06-13 19:49:24,58002,10.322035,-9.28932,-2.670282
2019-06-13 19:49:24,58102,5.272559,-9.350344,-2.5815527
2019-06-13 19:49:24,58203,3.5861216,-9.077405,-2.0896785
2019-06-13 19:49:24,58302,3.4368958,-8.885792,-4.099266
2019-06-13 19:49:24,58402,4.528556,-8.482455,-2.70721
2019-06-13 19:49:24,58502,6.858842,-6.784143,-1.9046448
2019-06-13 19:49:25,58603,7.77879,-7.2384953,-2.5987816
2019-06-13 19:49:25,58702,6.002494,-5.5546055,-0.6216688
2019-06-13 19:49:25,58802,7.2166314,-5.548189,-1.3461734
2019-06-13 19:49:25,58902,9.344741,-5.3985515,-1.6650618
2019-06-13 19:49:25,59003,6.682964,-6.4956126,-0.11588894
2019-06-13 19:49:25,59102,5.988262,-6.83467,0.008753202
2019-06-13 19:49:25,59202,7.2173305,-7.1559525,-0.15034628
2019-06-13 19:49:25,59302,6.4292746,-7.7339516,-0.8713841
2019-06-13 19:49:25,59403,7.752042,-7.150494,-0.78498214
2019-06-13 19:49:25,59502,7.506665,-7.7666373,-0.62800866
2019-06-13 19:49:26,59602,6.2293105,-8.265503,-0.70300466
2019-06-13 19:49:26,59702,5.9418054,-7.858814,-1.2229677
2019-06-13 19:49:26,59802,6.588364,-7.2759213,-0.05070919
2019-06-13 19:49:26,59903,6.6102667,-7.5784526,-0.70577234
2019-06-13 19:49:26,60002,7.049784,-6.0954747,-0.65140486
2019-06-13 19:49:26,60105,7.787735,-6.2242923,-0.5803066
2019-06-13 19:49:26,60203,8.387118,-6.3324814,-0.50022537
2019-06-13 19:49:26,60305,7.8227286,-5.930026,-0.017228676
2019-06-13 19:49:26,60402,7.941663,-6.334675,-0.77541494
2019-06-13 19:49:26,60502,7.4829817,-5.764376,-1.283972
2019-06-13 19:49:27,60602,6.961984,-6.49862,-1.3331777
2019-06-13 19:49:27,60703,8.680179,-6.801946,-1.5760839
2019-06-13 19:49:27,60805,8.962263,-4.4818115,-0.853734
2019-06-13 19:49:27,60902,10.760988,-2.1111019,-1.1395252
2019-06-13 19:49:27,61004,12.66209,-3.4942224,1.4291852
2019-06-13 19:49:27,61102,11.396084,0.01274673,2.3184683
2019-06-13 19:49:27,61202,12.704075,0.08879615,0.2273534
2019-06-13 19:49:27,61302,15.865848,-9.067532,1.9192208
2019-06-13 19:49:27,61403,4.8633513,-3.9701803,-1.8564161
2019-06-13 19:49:27,61502,0.11663593,-3.3953228,-6.5554585
2019-06-13 19:49:28,61602,11.82886,-14.283272,-4.429369
2019-06-13 19:49:28,61703,17.152664,-5.021254,-2.4364352
2019-06-13 19:49:28,61802,7.3057437,1.610637,10.064927
2019-06-13 19:49:28,61902,7.9605193,8.809283,3.2880626
2019-06-13 19:49:28,62002,18.126816,0.97759086,5.27819
2019-06-13 19:49:28,62103,16.847404,-13.003427,3.864797
2019-06-13 19:49:28,62202,3.9840474,-6.7724977,-6.1140537
2019-06-13 19:49:28,62302,-5.5118356,-10.067772,-3.6362944
2019-06-13 19:49:28,62403,11.43555,-9.56973,-8.370608
2019-06-13 19:49:28,62502,11.935507,-1.6969622,-4.877104
2019-06-13 19:49:29,62606,3.3889446,5.954676,3.8103144
2019-06-13 19:49:29,62702,4.5766125,5.317493,4.573452
2019-06-13 19:49:29,62803,22.51309,-1.7405943,5.3925753
2019-06-13 19:49:29,62902,14.68226,-8.487521,5.074242
2019-06-13 19:49:29,63003,-2.3862722,-10.355602,-5.3660192
2019-06-13 19:49:29,63102,3.735893,-7.4949145,0.85478747
2019-06-13 19:49:29,63203,22.631844,-4.614048,-1.7963696
2019-06-13 19:49:29,63302,1.944379,1.8699194,3.0694337
2019-06-13 19:49:29,63402,-1.6337075,2.6834884,0.32007605
2019-06-13 19:49:29,63503,5.59569,5.917164,4.1977153
2019-06-13 19:49:30,63602,17.845201,1.171119,7.848385
2019-06-13 19:49:30,63702,18.702805,-5.8579125,1.8822926
2019-06-13 19:49:30,63802,4.6748033,-2.3445268,-2.1148655
2019-06-13 19:49:30,63903,5.256843,-7.3217754,1.7158382
2019-06-13 19:49:30,64002,21.178026,-7.1918755,-3.022057
2019-06-13 19:49:30,64103,6.410226,-2.299669,-0.61429465
2019-06-13 19:49:30,64202,1.6405741,-3.1931756,9.916008
2019-06-13 19:49:30,64302,1.3877368,8.164362,6.8097515
2019-06-13 19:49:30,64403,19.879307,7.277052,10.348823
2019-06-13 19:49:30,64502,27.99562,-10.779146,6.488804
2019-06-13 19:49:31,64603,-0.9801096,-11.107583,-5.922977
2019-06-13 19:49:31,64702,-3.9648364,-2.5227702,-14.966116
2019-06-13 19:49:31,64802,7.138734,-6.9036326,-8.36919
2019-06-13 19:49:31,64903,21.06886,-7.1548324,4.9225073
2019-06-13 19:49:31,65002,11.928507,2.6165943,5.6230316
2019-06-13 19:49:31,65102,4.8325043,6.6372347,-1.9300522
2019-06-13 19:49:31,65202,5.4142,5.2459545,3.0083528
2019-06-13 19:49:31,65303,27.848425,-4.940799,18.237736
2019-06-13 19:49:31,65402,12.830545,-8.606657,4.2576184
2019-06-13 19:49:31,65502,5.498294,-3.8813746,-3.3370287
2019-06-13 19:49:32,65602,-1.888393,-6.8045225,-5.4601874
2019-06-13 19:49:32,65703,12.392216,-10.549169,-8.546974
2019-06-13 19:49:38,71832,26.536144,-5.9949756,10.009765
2019-06-13 19:49:38,71832,26.536144,-5.9949756,10.009765
2019-06-13 19:49:38,71832,26.536144,-5.9949756,10.009765
2019-06-13 19:49:38,71832,26.536144,-5.9949756,10.009765
2019-06-13 19:49:38,71832,26.536144,-5.9949756,10.009765
2019-06-13 19:49:38,71832,26.536144,-5.9949756,10.009765
2019-06-13 19:49:38,71832,26.536144,-5.9949756,10.009765
2019-06-13 19:49:38,71832,26.536144,-5.9949756,10.009765
2019-06-13 19:49:38,71832,26.536144,-5.9949756,10.009765
2019-06-13 19:49:38,71832,26.536144,-5.9949756,10.009765
2019-06-13 19:49:38,71832,26.536144,-5.9949756,10.009765
2019-06-13 19:49:38,71832,26.536144,-5.9949756,10.009765
2019-06-13 19:49:38,71832,26.536144,-5.9949756,10.009765
2019-06-13 19:49:38,71832,26.536144,-5.9949756,10.009765
2019-06-13 19:49:38,71832,26.536144,-5.9949756,10.009765
2019-06-13 19:49:38,71832,26.536144,-5.9949756,10.009765
2019-06-13 19:49:38,71832,26.536144,-5.9949756,10.009765
2019-06-13 19:49:38,71832,26.536144,-5.9949756,10.009765
2019-06-13 19:49:38,71832,26.536144,-5.9949756,10.009765
2019-06-13 19:49:38,71832,26.536144,-5.9949756,10.009765
2019-06-13 19:49:38,71832,26.536144,-5.9949756,10.009765
2019-06-13 19:49:38,71832,26.536144,-5.9949756,10.009765
2019-06-13 19:49:38,71832,26.536144,-5.9949756,10.009765
2019-06-13 19:49:38,71832,26.536144,-5.9949756,10.009765
2019-06-13 19:49:38,71832,26.536144,-5.9949756,10.009765
2019-06-13 19:49:38,71832,26.536144,-5.9949756,10.009765
2019-06-13 19:49:38,71832,26.536144,-5.9949756,10.009765
2019-06-13 19:49:38,71832,26.536144,-5.9949756,10.009765
2019-06-13 19:49:38,71832,26.536144,-5.9949756,10.009765
2019-06-13 19:49:38,71832,26.536144,-5.9949756,10.009765
2019-06-13 19:49:38,71832,26.536144,-5.9949756,10.009765
2019-06-13 19:49:38,71832,26.536144,-5.9949756,10.009765
2019-06-13 19:49:38,71832,26.536144,-5.9949756,10.009765
2019-06-13 19:49:38,71832,26.536144,-5.9949756,10.009765
2019-06-13 19:49:38,71832,26.536144,-5.9949756,10.009765
2019-06-13 19:49:38,71832,26.536144,-5.9949756,10.009765
2019-06-13 19:49:38,71832,26.536144,-5.9949756,10.009765
2019-06-13 19:49:38,71832,26.536144,-5.9949756,10.009765
2019-06-13 19:49:38,71832,26.536144,-5.9949756,10.009765
2019-06-13 19:49:38,71832,26.536144,-5.9949756,10.009765
2019-06-13 19:49:38,71832,26.536144,-5.9949756,10.009765
2019-06-13 19:49:38,71832,26.536144,-5.9949756,10.009765
2019-06-13 19:49:38,71832,26.536144,-5.9949756,10.009765
2019-06-13 19:49:38,71832,26.536144,-5.9949756,10.009765
2019-06-13 19:49:38,71832,26.536144,-5.9949756,10.009765
2019-06-13 19:49:38,71832,26.536144,-5.9949756,10.009765
2019-06-13 19:49:38,71832,26.536144,-5.9949756,10.009765
2019-06-13 19:49:38,71832,26.536144,-5.9949756,10.009765
2019-06-13 19:49:38,71832,26.536144,-5.9949756,10.009765
2019-06-13 19:49:38,71832,26.536144,-5.9949756,10.009765
2019-06-13 19:49:38,71832,26.536144,-5.9949756,10.009765
2019-06-13 19:49:38,71832,26.536144,-5.9949756,10.009765
2019-06-13 19:49:38,71832,26.536144,-5.9949756,10.009765
2019-06-13 19:49:38,71832,26.536144,-5.9949756,10.009765
2019-06-13 19:49:38,71832,26.536144,-5.9949756,10.009765
2019-06-13 19:49:38,71832,26.536144,-5.9949756,10.009765
2019-06-13 19:49:38,71832,26.536144,-5.9949756,10.009765
2019-06-13 19:49:38,71832,26.536144,-5.9949756,10.009765
2019-06-13 19:49:38,71832,26.536144,-5.9949756,10.009765
2019-06-13 19:49:38,71832,26.536144,-5.9949756,10.009765
2019-06-13 19:49:38,71832,26.536144,-5.9949756,10.009765
2019-06-13 19:49:38,71903,26.578867,-5.754512,14.500367
2019-06-13 19:49:38,72002,-0.45056003,-14.397369,-1.7093164
2019-06-13 19:49:38,72103,-8.883637,-9.338134,-3.4708166
2019-06-13 19:49:38,72203,5.5672274,-11.301321,0.27691337
2019-06-13 19:49:38,72302,34.056675,-9.612586,9.5041275
2019-06-13 19:49:38,72404,6.047945,2.4863977,9.043024
2019-06-13 19:49:38,72502,-0.9176401,7.252966,3.0586789
2019-06-13 19:49:39,72602,9.076409,3.9376955,2.702096
2019-06-13 19:49:39,72702,32.92238,-9.276497,10.615096
2019-06-13 19:49:39,72802,8.812856,-11.653134,8.43165
2019-06-13 19:49:39,72903,-6.0663705,-8.625896,-0.9462364
2019-06-13 19:49:39,73002,-2.6951816,-12.755262,0.8001901
2019-06-13 19:49:39,73102,24.05286,-13.383712,-5.6157436
2019-06-13 19:49:39,73202,21.666883,-0.031086314,3.5665562
2019-06-13 19:49:39,73302,-0.08795339,8.01142,6.505343
2019-06-13 19:49:39,73403,11.1993,8.720037,-1.0645579
2019-06-13 19:49:39,73502,24.246809,-5.198396,12.135845
2019-06-13 19:49:40,73602,14.957833,-13.524396,7.2855077
2019-06-13 19:49:40,73703,-1.5550628,-5.4988112,-8.925996
2019-06-13 19:49:40,73802,1.0015904,-8.1017685,0.24978228
2019-06-13 19:49:40,73902,15.767877,-15.566984,-6.8751225
2019-06-13 19:49:40,74002,24.66363,-1.9825139,6.904696
2019-06-13 19:49:40,74102,2.1994288,8.03179,7.7809544
2019-06-13 19:49:40,74202,8.889948,10.171871,2.7673142
2019-06-13 19:49:40,74302,23.753412,-0.1760696,7.2841
2019-06-13 19:49:40,74402,18.353079,-15.540878,7.645816
2019-06-13 19:49:40,74502,1.9006035,-6.521652,-2.33676
2019-06-13 19:49:41,74602,2.055269,-7.8130846,-2.7946367
2019-06-13 19:49:41,74703,13.577097,-16.562857,-5.540039
2019-06-13 19:49:41,74802,12.211482,-1.6150519,-2.0188963
2019-06-13 19:49:41,74902,11.939769,2.5796757,10.308484
2019-06-13 19:49:41,75002,-0.3966043,8.139366,1.9817765
2019-06-13 19:49:41,75102,18.264456,5.6146903,2.2043033
2019-06-13 19:49:41,75203,29.469683,-13.94044,3.6843796
2019-06-13 19:49:41,75302,-1.9223524,-8.605814,-8.608707
2019-06-13 19:49:41,75402,-1.1594832,-12.435551,2.0730052
2019-06-13 19:49:41,75502,5.816426,-8.047486,-0.2755726
2019-06-13 19:49:42,75602,37.792492,-2.8900313,17.791378
2019-06-13 19:49:42,75703,6.586631,0.75352234,-1.6714689
2019-06-13 19:49:42,75802,7.8802085,3.1156034,1.7479875
2019-06-13 19:49:42,75904,9.325617,4.6460924,-1.6536272
2019-06-13 19:49:42,76002,11.686952,-13.550071,3.799531
2019-06-13 19:49:42,76102,23.72313,-18.064177,5.3134804
2019-06-13 19:49:42,76203,-7.3128405,-8.143484,-3.644722
2019-06-13 19:49:42,76302,6.601015,-3.2227392,-0.036008794
2019-06-13 19:49:42,76402,4.7413425,-3.3390975,-4.1332736
2019-06-13 19:49:42,76503,9.017397,-6.5386987,-0.96641475
2019-06-13 19:49:43,76602,7.0215325,-3.5998833,-1.4674349
2019-06-13 19:49:43,76702,9.870193,-3.6556396,-4.514468
2019-06-13 19:49:43,76802,10.559157,-5.7500587,-0.20027976
2019-06-13 19:49:43,76902,8.674624,-6.3026977,-0.034553118
2019-06-13 19:49:43,77003,9.423453,-5.4829516,-1.9986795
2019-06-13 19:49:43,77102,8.616933,-4.685529,-3.894897
2019-06-13 19:49:43,77202,8.007321,-4.911408,-1.5094005
2019-06-13 19:49:43,77302,8.835026,-5.0706897,-1.7988212
2019-06-13 19:49:43,77402,8.463512,-5.434531,-0.9822356
2019-06-13 19:49:43,77503,7.9682384,-6.0437984,-0.3404459
2019-06-13 19:49:44,77602,7.780696,-6.1094375,-1.0360764
2019-06-13 19:49:44,77702,7.482263,-5.8955493,-1.1908568
2019-06-13 19:49:44,77802,9.836252,-4.608455,-0.40508935
2019-06-13 19:49:44,77903,9.410161,-3.4033482,0.06879978
2019-06-13 19:49:44,78002,9.850196,-2.3625696,3.2165718
2019-06-13 19:49:44,78102,9.936522,-3.5496914,4.49723
2019-06-13 19:49:44,78205,7.488383,-4.588765,3.430278
2019-06-13 19:49:44,78302,7.4209814,-5.9295945,0.6754043
2019-06-13 19:49:44,78402,8.712318,-6.8019176,-0.43784204
2019-06-13 19:49:44,78502,9.101854,-6.817384,-0.15688725
2019-06-13 19:49:45,78603,8.065251,-5.9627976,0.92742753
2019-06-13 19:49:45,78702,8.6032,-6.4437833,-0.4547068
2019-06-13 19:49:45,78802,9.832584,-6.739304,1.821796
2019-06-13 19:49:45,78902,6.57262,-5.6682057,0.3367397
2019-06-13 19:49:45,79002,8.046825,-5.7417936,-0.58466405
2019-06-13 19:49:45,79103,8.721215,-5.34789,1.6449027
2019-06-13 19:49:45,79202,8.370339,-5.8853693,0.05616797
2019-06-13 19:49:45,79302,8.660594,-5.250532,-0.87455404
2019-06-13 19:49:45,79403,7.714214,-6.000511,1.0880498
2019-06-13 19:49:45,79502,8.706926,-6.165644,0.04267425
2019-06-13 19:49:46,79602,7.1016426,-6.7602487,0.02480393
2019-06-13 19:49:46,79702,8.280787,-6.857683,0.05319916
2019-06-13 19:49:46,79803,7.267015,-6.8804665,0.4314064
2019-06-13 19:49:46,79902,6.166592,-6.973103,-0.23641306
2019-06-13 19:49:46,80002,6.659941,-6.403465,-0.8098627
2019-06-13 19:49:46,80103,7.3563766,-6.352842,-0.7395785
2019-06-13 19:49:46,80202,8.127893,-6.331466,-0.41389045
2019-06-13 19:49:46,80302,8.160943,-6.0681424,-0.26635015
2019-06-13 19:49:46,80402,8.138543,-6.097773,-0.007393295
2019-06-13 19:49:46,80502,8.2224455,-5.9119735,-0.28212315
2019-06-13 19:49:47,80603,7.7995334,-5.8427906,-0.06381027
2019-06-13 19:49:47,80702,7.250131,-5.89259,0.14020446
2019-06-13 19:49:47,80802,7.624,-6.167722,-0.10872549
2019-06-13 19:49:47,80902,7.7294216,-5.947618,-0.24644955
2019-06-13 19:49:47,81003,9.157122,-5.5451627,0.0353863
2019-06-13 19:49:47,81102,12.132598,-5.024194,1.3413275
2019-06-13 19:49:47,81202,8.15084,-5.86136,-1.5991734
2019-06-13 19:49:47,81302,8.242728,-4.8922544,0.9116258
2019-06-13 19:49:47,81403,8.878649,-2.9857132,0.96600294
2019-06-13 19:49:47,81502,9.969226,-2.177785,-1.5453327
2019-06-13 19:49:48,81602,8.055579,-2.453798,-1.127104
2019-06-13 19:49:48,81702,10.044815,-8.185478,-0.20615034
2019-06-13 19:49:48,81802,6.7374654,-7.3529286,3.5719094
2019-06-13 19:49:48,81903,8.731396,-3.983195,-0.88043416
2019-06-13 19:49:48,82002,6.5253296,-5.164772,-0.41896614
2019-06-13 19:49:48,82102,7.727056,-7.1745415,1.5272325
2019-06-13 19:49:48,82202,8.94445,-5.8612165,0.016836027
2019-06-13 19:49:48,82303,8.09244,-5.325643,-0.38610813
2019-06-13 19:49:48,82405,8.58601,-4.8997912,0.53577447
2019-06-13 19:49:48,82502,8.950158,-4.5089045,0.45993572
2019-06-13 19:49:49,82603,9.7111025,-4.1671753,-0.04115154
2019-06-13 19:49:49,82702,8.329093,-4.4268885,0.7942716
2019-06-13 19:49:49,82802,8.707232,-5.2675595,1.3612378
2019-06-13 19:49:49,82902,8.440355,-5.2220316,1.2702101
2019-06-13 19:49:49,83002,9.016621,-4.022182,0.32150298
2019-06-13 19:49:49,83102,9.089836,-3.7431524,0.6153865
2019-06-13 19:49:49,83202,8.641881,-4.466776,1.943
2019-06-13 19:49:49,83302,9.217715,-4.5110016,1.629082
2019-06-13 19:49:49,83402,9.076122,-4.293551,1.1559876
2019-06-13 19:49:49,83502,8.990792,-4.5345316,0.33365595
2019-06-13 19:49:50,83603,8.872605,-3.8288841,0.825061
2019-06-13 19:49:50,83702,9.251042,-3.637482,1.0291524
2019-06-13 19:49:50,83802,9.007178,-3.3302197,1.2000026
2019-06-13 19:49:50,83902,9.277388,-3.6951153,0.88348913
2019-06-13 19:49:50,84003,9.232856,-3.9977422,0.70387614
2019-06-13 19:49:50,84104,9.336725,-4.122193,0.65169215
2019-06-13 19:50:13,106831,8.993378,-4.374369,0.31602505
2019-06-13 19:50:13,106831,8.993378,-4.374369,0.31602505
2019-06-13 19:50:13,106831,8.993378,-4.374369,0.31602505
2019-06-13 19:50:13,106831,8.993378,-4.374369,0.31602505
2019-06-13 19:50:13,106831,8.993378,-4.374369,0.31602505
2019-06-13 19:50:13,106831,8.993378,-4.374369,0.31602505
2019-06-13 19:50:13,106831,8.993378,-4.374369,0.31602505
2019-06-13 19:50:13,106831,8.993378,-4.374369,0.31602505
2019-06-13 19:50:13,106831,8.993378,-4.374369,0.31602505
2019-06-13 19:50:13,106831,8.993378,-4.374369,0.31602505
2019-06-13 19:50:13,106831,8.993378,-4.374369,0.31602505
2019-06-13 19:50:13,106831,8.993378,-4.374369,0.31602505
2019-06-13 19:50:13,106831,8.993378,-4.374369,0.31602505
2019-06-13 19:50:13,106831,8.993378,-4.374369,0.31602505
2019-06-13 19:50:13,106831,8.993378,-4.374369,0.31602505
2019-06-13 19:50:13,106831,8.993378,-4.374369,0.31602505
2019-06-13 19:50:13,106831,8.993378,-4.374369,0.31602505
2019-06-13 19:50:13,106831,8.993378,-4.374369,0.31602505
2019-06-13 19:50:13,106831,8.993378,-4.374369,0.31602505
2019-06-13 19:50:13,106831,8.993378,-4.374369,0.31602505
2019-06-13 19:50:13,106831,8.993378,-4.374369,0.31602505
2019-06-13 19:50:13,106831,8.993378,-4.374369,0.31602505
2019-06-13 19:50:13,106831,8.993378,-4.374369,0.31602505
2019-06-13 19:50:13,106831,8.993378,-4.374369,0.31602505
2019-06-13 19:50:13,106831,8.993378,-4.374369,0.31602505
2019-06-13 19:50:13,106831,8.993378,-4.374369,0.31602505
2019-06-13 19:50:13,106831,8.993378,-4.374369,0.31602505
2019-06-13 19:50:13,106831,8.993378,-4.374369,0.31602505
2019-06-13 19:50:13,106831,8.993378,-4.374369,0.31602505
2019-06-13 19:50:13,106831,8.993378,-4.374369,0.31602505
2019-06-13 19:50:13,106831,8.993378,-4.374369,0.31602505
2019-06-13 19:50:13,106831,8.993378,-4.374369,0.31602505
2019-06-13 19:50:13,106831,8.993378,-4.374369,0.31602505
2019-06-13 19:50:13,106831,8.993378,-4.374369,0.31602505
2019-06-13 19:50:13,106831,8.993378,-4.374369,0.31602505
2019-06-13 19:50:13,106831,8.993378,-4.374369,0.31602505
2019-06-13 19:50:13,106831,8.993378,-4.374369,0.31602505
2019-06-13 19:50:13,106831,8.993378,-4.374369,0.31602505
2019-06-13 19:50:13,106831,8.993378,-4.374369,0.31602505
2019-06-13 19:50:13,106831,8.993378,-4.374369,0.31602505
2019-06-13 19:50:13,106831,8.993378,-4.374369,0.31602505
2019-06-13 19:50:13,106831,8.993378,-4.374369,0.31602505
2019-06-13 19:50:13,106831,8.993378,-4.374369,0.31602505
2019-06-13 19:50:13,106831,8.993378,-4.374369,0.31602505
2019-06-13 19:50:13,106831,8.993378,-4.374369,0.31602505
2019-06-13 19:50:13,106831,8.993378,-4.374369,0.31602505
2019-06-13 19:50:13,106831,8.993378,-4.374369,0.31602505
2019-06-13 19:50:13,106831,8.993378,-4.374369,0.31602505
2019-06-13 19:50:13,106831,8.993378,-4.374369,0.31602505
2019-06-13 19:50:13,106831,8.993378,-4.374369,0.31602505
2019-06-13 19:50:13,106831,8.993378,-4.374369,0.31602505
2019-06-13 19:50:13,106831,8.993378,-4.374369,0.31602505
2019-06-13 19:50:13,106831,8.993378,-4.374369,0.31602505
2019-06-13 19:50:13,106831,8.993378,-4.374369,0.31602505
2019-06-13 19:50:13,106831,8.993378,-4.374369,0.31602505
2019-06-13 19:50:13,106831,8.993378,-4.374369,0.31602505
2019-06-13 19:50:13,106831,8.993378,-4.374369,0.31602505
2019-06-13 19:50:13,106831,8.993378,-4.374369,0.31602505
2019-06-13 19:50:13,106831,8.993378,-4.374369,0.31602505
2019-06-13 19:50:13,106831,8.993378,-4.374369,0.31602505
2019-06-13 19:50:13,106831,8.993378,-4.374369,0.31602505
2019-06-13 19:50:13,106831,8.993378,-4.374369,0.31602505
2019-06-13 19:50:13,106831,8.993378,-4.374369,0.31602505
2019-06-13 19:50:13,106831,8.993378,-4.374369,0.31602505
2019-06-13 19:50:13,106831,8.993378,-4.374369,0.31602505
2019-06-13 19:50:13,106831,8.993378,-4.374369,0.31602505
2019-06-13 19:50:13,106831,8.993378,-4.374369,0.31602505
2019-06-13 19:50:13,106831,8.993378,-4.374369,0.31602505
2019-06-13 19:50:13,106831,8.993378,-4.374369,0.31602505
2019-06-13 19:50:13,106831,8.993378,-4.374369,0.31602505
2019-06-13 19:50:13,106831,8.993378,-4.374369,0.31602505
2019-06-13 19:50:13,106831,8.993378,-4.374369,0.31602505
2019-06-13 19:50:13,106831,8.993378,-4.374369,0.31602505
2019-06-13 19:50:13,106831,8.993378,-4.374369,0.31602505
2019-06-13 19:50:13,106831,8.993378,-4.374369,0.31602505
2019-06-13 19:50:13,106831,8.993378,-4.374369,0.31602505
2019-06-13 19:50:13,106831,8.993378,-4.374369,0.31602505
2019-06-13 19:50:13,106831,8.993378,-4.374369,0.31602505
2019-06-13 19:50:13,106831,8.993378,-4.374369,0.31602505
2019-06-13 19:50:13,106831,8.993378,-4.374369,0.31602505
2019-06-13 19:50:13,106831,8.993378,-4.374369,0.31602505
2019-06-13 19:50:13,106831,8.993378,-4.374369,0.31602505
2019-06-13 19:50:13,106831,8.993378,-4.374369,0.31602505
2019-06-13 19:50:13,106831,8.993378,-4.374369,0.31602505
2019-06-13 19:50:13,106831,8.993378,-4.374369,0.31602505
2019-06-13 19:50:13,106831,8.993378,-4.374369,0.31602505
2019-06-13 19:50:13,106831,8.993378,-4.374369,0.31602505
2019-06-13 19:50:13,106831,8.993378,-4.374369,0.31602505
2019-06-13 19:50:13,106831,8.993378,-4.374369,0.31602505
2019-06-13 19:50:13,106831,8.993378,-4.374369,0.31602505
2019-06-13 19:50:13,106831,8.993378,-4.374369,0.31602505
2019-06-13 19:50:13,106831,8.993378,-4.374369,0.31602505
2019-06-13 19:50:13,106831,8.993378,-4.374369,0.31602505
2019-06-13 19:50:13,106831,8.993378,-4.374369,0.31602505
2019-06-13 19:50:13,106831,8.993378,-4.374369,0.31602505
2019-06-13 19:50:13,106831,8.993378,-4.374369,0.31602505
2019-06-13 19:50:13,106831,8.993378,-4.374369,0.31602505
2019-06-13 19:50:13,106831,8.993378,-4.374369,0.31602505
2019-06-13 19:50:13,106831,8.993378,-4.374369,0.31602505
2019-06-13 19:50:13,106831,8.993378,-4.374369,0.31602505
2019-06-13 19:50:13,106831,8.993378,-4.374369,0.31602505
2019-06-13 19:50:13,106831,8.993378,-4.374369,0.31602505
2019-06-13 19:50:13,106831,8.993378,-4.374369,0.31602505
2019-06-13 19:50:13,106831,8.993378,-4.374369,0.31602505
2019-06-13 19:50:13,106831,8.993378,-4.374369,0.31602505
2019-06-13 19:50:13,106831,8.993378,-4.374369,0.31602505
2019-06-13 19:50:13,106831,8.993378,-4.374369,0.31602505
2019-06-13 19:50:13,106831,8.993378,-4.374369,0.31602505
2019-06-13 19:50:13,106831,8.993378,-4.374369,0.31602505
2019-06-13 19:50:13,106831,8.993378,-4.374369,0.31602505
2019-06-13 19:50:13,106831,8.993378,-4.374369,0.31602505
2019-06-13 19:50:13,106831,8.993378,-4.374369,0.31602505
2019-06-13 19:50:13,106831,8.993378,-4.374369,0.31602505
2019-06-13 19:50:13,106831,8.993378,-4.374369,0.31602505
2019-06-13 19:50:13,106831,8.993378,-4.374369,0.31602505
2019-06-13 19:50:13,106831,8.993378,-4.374369,0.31602505
2019-06-13 19:50:13,106831,8.993378,-4.374369,0.31602505
2019-06-13 19:50:13,106831,8.993378,-4.374369,0.31602505
2019-06-13 19:50:13,106831,8.993378,-4.374369,0.31602505
2019-06-13 19:50:13,106831,8.993378,-4.374369,0.31602505
2019-06-13 19:50:13,106831,8.993378,-4.374369,0.31602505
2019-06-13 19:50:13,106831,8.993378,-4.374369,0.31602505
2019-06-13 19:50:13,106831,8.993378,-4.374369,0.31602505
2019-06-13 19:50:13,106831,8.993378,-4.374369,0.31602505
2019-06-13 19:50:13,106831,8.993378,-4.374369,0.31602505
2019-06-13 19:50:13,106831,8.993378,-4.374369,0.31602505
2019-06-13 19:50:13,106831,8.993378,-4.374369,0.31602505
2019-06-13 19:50:13,106831,8.993378,-4.374369,0.31602505
2019-06-13 19:50:13,106831,8.993378,-4.374369,0.31602505
2019-06-13 19:50:13,106831,8.993378,-4.374369,0.31602505
2019-06-13 19:50:13,106831,8.993378,-4.374369,0.31602505
2019-06-13 19:50:13,106831,8.993378,-4.374369,0.31602505
2019-06-13 19:50:13,106831,8.993378,-4.374369,0.31602505
2019-06-13 19:50:13,106831,8.993378,-4.374369,0.31602505
2019-06-13 19:50:13,106831,8.993378,-4.374369,0.31602505
2019-06-13 19:50:13,106831,8.993378,-4.374369,0.31602505
2019-06-13 19:50:13,106831,8.993378,-4.374369,0.31602505
2019-06-13 19:50:13,106831,8.993378,-4.374369,0.31602505
2019-06-13 19:50:13,106831,8.993378,-4.374369,0.31602505
2019-06-13 19:50:13,106832,8.993378,-4.374369,0.31602505
2019-06-13 19:50:13,106832,8.993378,-4.374369,0.31602505
2019-06-13 19:50:13,106832,8.993378,-4.374369,0.31602505
2019-06-13 19:50:13,106832,8.993378,-4.374369,0.31602505
2019-06-13 19:50:13,106832,8.993378,-4.374369,0.31602505
2019-06-13 19:50:13,106832,8.993378,-4.374369,0.31602505
2019-06-13 19:50:13,106832,8.993378,-4.374369,0.31602505
2019-06-13 19:50:13,106832,8.993378,-4.374369,0.31602505
2019-06-13 19:50:13,106832,8.993378,-4.374369,0.31602505
2019-06-13 19:50:13,106832,8.993378,-4.374369,0.31602505
2019-06-13 19:50:13,106832,8.993378,-4.374369,0.31602505
2019-06-13 19:50:13,106832,8.993378,-4.374369,0.31602505
2019-06-13 19:50:13,106832,8.993378,-4.374369,0.31602505
2019-06-13 19:50:13,106832,8.993378,-4.374369,0.31602505
2019-06-13 19:50:13,106832,8.993378,-4.374369,0.31602505
2019-06-13 19:50:13,106832,8.993378,-4.374369,0.31602505
2019-06-13 19:50:13,106832,8.993378,-4.374369,0.31602505
2019-06-13 19:50:13,106832,8.993378,-4.374369,0.31602505
2019-06-13 19:50:13,106832,8.993378,-4.374369,0.31602505
2019-06-13 19:50:13,106832,8.993378,-4.374369,0.31602505
2019-06-13 19:50:13,106832,8.993378,-4.374369,0.31602505
2019-06-13 19:50:13,106832,8.993378,-4.374369,0.31602505
2019-06-13 19:50:13,106832,8.993378,-4.374369,0.31602505
2019-06-13 19:50:13,106832,8.993378,-4.374369,0.31602505
2019-06-13 19:50:13,106832,8.993378,-4.374369,0.31602505
2019-06-13 19:50:13,106832,8.993378,-4.374369,0.31602505
2019-06-13 19:50:13,106832,8.993378,-4.374369,0.31602505
2019-06-13 19:50:13,106832,8.993378,-4.374369,0.31602505
2019-06-13 19:50:13,106832,8.993378,-4.374369,0.31602505
2019-06-13 19:50:13,106832,8.993378,-4.374369,0.31602505
2019-06-13 19:50:13,106832,8.993378,-4.374369,0.31602505
2019-06-13 19:50:13,106832,8.993378,-4.374369,0.31602505
2019-06-13 19:50:13,106832,8.993378,-4.374369,0.31602505
2019-06-13 19:50:13,106832,8.993378,-4.374369,0.31602505
2019-06-13 19:50:13,106832,8.993378,-4.374369,0.31602505
2019-06-13 19:50:13,106832,8.993378,-4.374369,0.31602505
2019-06-13 19:50:13,106832,8.993378,-4.374369,0.31602505
2019-06-13 19:50:13,106832,8.993378,-4.374369,0.31602505
2019-06-13 19:50:13,106832,8.993378,-4.374369,0.31602505
2019-06-13 19:50:13,106832,8.993378,-4.374369,0.31602505
2019-06-13 19:50:13,106832,8.993378,-4.374369,0.31602505
2019-06-13 19:50:13,106832,8.993378,-4.374369,0.31602505
2019-06-13 19:50:13,106832,8.993378,-4.374369,0.31602505
2019-06-13 19:50:13,106832,8.993378,-4.374369,0.31602505
2019-06-13 19:50:13,106832,8.993378,-4.374369,0.31602505
2019-06-13 19:50:13,106832,8.993378,-4.374369,0.31602505
2019-06-13 19:50:13,106832,8.993378,-4.374369,0.31602505
2019-06-13 19:50:13,106832,8.993378,-4.374369,0.31602505
2019-06-13 19:50:13,106832,8.993378,-4.374369,0.31602505
2019-06-13 19:50:13,106832,8.993378,-4.374369,0.31602505
2019-06-13 19:50:13,106832,8.993378,-4.374369,0.31602505
2019-06-13 19:50:13,106832,8.993378,-4.374369,0.31602505
2019-06-13 19:50:13,106832,8.993378,-4.374369,0.31602505
2019-06-13 19:50:13,106832,8.993378,-4.374369,0.31602505
2019-06-13 19:50:13,106832,8.993378,-4.374369,0.31602505
2019-06-13 19:50:13,106832,8.993378,-4.374369,0.31602505
2019-06-13 19:50:13,106832,8.993378,-4.374369,0.31602505
2019-06-13 19:50:13,106832,8.993378,-4.374369,0.31602505
2019-06-13 19:50:13,106832,8.993378,-4.374369,0.31602505
2019-06-13 19:50:13,106832,8.993378,-4.374369,0.31602505
2019-06-13 19:50:13,106832,8.993378,-4.374369,0.31602505
2019-06-13 19:50:13,106832,8.993378,-4.374369,0.31602505
2019-06-13 19:50:13,106832,8.993378,-4.374369,0.31602505
2019-06-13 19:50:13,106832,8.993378,-4.374369,0.31602505
2019-06-13 19:50:13,106832,8.993378,-4.374369,0.31602505
2019-06-13 19:50:13,106832,8.993378,-4.374369,0.31602505
2019-06-13 19:50:13,106832,8.993378,-4.374369,0.31602505
2019-06-13 19:50:13,106832,8.993378,-4.374369,0.31602505
2019-06-13 19:50:13,106832,8.993378,-4.374369,0.31602505
2019-06-13 19:50:13,106832,8.993378,-4.374369,0.31602505
2019-06-13 19:50:13,106832,8.993378,-4.374369,0.31602505
2019-06-13 19:50:13,106832,8.993378,-4.374369,0.31602505
2019-06-13 19:50:13,106832,8.993378,-4.374369,0.31602505
2019-06-13 19:50:13,106832,8.993378,-4.374369,0.31602505
2019-06-13 19:50:13,106832,8.993378,-4.374369,0.31602505
2019-06-13 19:50:13,106832,8.993378,-4.374369,0.31602505
2019-06-13 19:50:13,106832,8.993378,-4.374369,0.31602505
2019-06-13 19:50:13,106832,8.993378,-4.374369,0.31602505
2019-06-13 19:50:13,106832,8.993378,-4.374369,0.31602505
2019-06-13 19:50:13,106832,8.993378,-4.374369,0.31602505
2019-06-13 19:50:13,106832,8.993378,-4.374369,0.31602505
2019-06-13 19:50:13,106832,8.993378,-4.374369,0.31602505
2019-06-13 19:50:13,106832,8.993378,-4.374369,0.31602505
2019-06-13 19:50:13,106832,8.993378,-4.374369,0.31602505
2019-06-13 19:50:13,106832,8.993378,-4.374369,0.31602505
2019-06-13 19:50:13,106832,8.993378,-4.374369,0.31602505
2019-06-13 19:50:13,106832,8.993378,-4.374369,0.31602505
2019-06-13 19:50:13,106832,8.993378,-4.374369,0.31602505
2019-06-13 19:50:13,106902,7.1336484,-6.832803,1.0298898
2019-06-13 19:50:13,107002,7.5661755,-8.838283,-0.55579
2019-06-13 19:50:13,107102,9.386372,-8.32462,1.127554
2019-06-13 19:50:13,107202,4.9891334,-7.3503428,-2.5556858
2019-06-13 19:50:13,107303,5.793298,-4.654587,0.036411017
2019-06-13 19:50:13,107402,5.186904,-5.528432,0.01250731
2019-06-13 19:50:13,107503,7.8226423,-3.9187143,2.1003757
2019-06-13 19:50:14,107602,10.331296,-8.449472,0.18324262
2019-06-13 19:50:14,107702,13.773996,-16.695457,-2.749252
2019-06-13 19:50:14,107802,5.314371,-4.7250433,-1.6862842
2019-06-13 19:50:14,107903,0.84954894,-3.8118372,-4.140283
2019-06-13 19:50:14,108002,7.9246354,-13.484326,3.0113504
2019-06-13 19:50:14,108103,9.682506,-6.586516,1.1414118
2019-06-13 19:50:14,108202,3.385449,1.3650876,0.51859367
2019-06-13 19:50:14,108302,4.732283,-4.900797,-0.59955597
2019-06-13 19:50:14,108402,12.962065,-14.900985,-0.93456227
2019-06-13 19:50:14,108502,4.2917023,-7.9740996,-0.78435004
2019-06-13 19:50:15,108960,0.59824395,-6.420923,0.50629705
2019-06-13 19:50:15,108960,0.59824395,-6.420923,0.50629705
2019-06-13 19:50:15,108960,0.59824395,-6.420923,0.50629705
2019-06-13 19:50:15,108960,0.59824395,-6.420923,0.50629705
2019-06-13 19:50:15,109002,9.341716,-15.759144,0.77279085
2019-06-13 19:50:15,109102,8.367917,-12.687469,0.96580184
2019-06-13 19:50:15,109202,0.74861896,-3.4075906,-0.6418184
2019-06-13 19:50:15,109302,5.7140975,-10.545041,-3.5543265
2019-06-13 19:50:15,109406,11.0808735,-9.171688,1.492143
2019-06-13 19:50:15,109503,7.2908516,0.73785466,0.028902803
2019-06-13 19:50:16,109602,6.77289,-4.163574,0.017496826
2019-06-13 19:50:16,109702,12.565603,-13.749173,2.3967972
2019-06-13 19:50:16,109803,6.7305036,-8.776885,-2.3657203
2019-06-13 19:50:16,109902,-1.4477164,-2.8306646,-2.6984282
2019-06-13 19:50:16,110002,8.1185465,-10.657751,-1.2873431
2019-06-13 19:50:16,110102,12.97846,-9.185815,1.69792
2019-06-13 19:50:16,110203,4.1399484,1.2276893,-0.74534374
2019-06-13 19:50:16,110302,7.3405647,-0.031689655,3.2900736
2019-06-13 19:50:16,110402,12.796567,-13.2339115,0.39122215
2019-06-13 19:50:16,110503,10.964831,-12.445999,1.0632362
2019-06-13 19:50:17,110602,-0.11167514,-5.567103,-2.5445096
2019-06-13 19:50:17,110702,7.00327,-8.372035,-2.3355916
2019-06-13 19:50:17,110803,11.524777,-8.212888,2.5241015
2019-06-13 19:50:17,110902,5.5777717,-0.33196086,4.229779
2019-06-13 19:50:17,111002,6.95347,-4.6714997,-1.5734885
2019-06-13 19:50:17,111103,17.571957,-14.030816,1.9392459
2019-06-13 19:50:17,111202,0.9491956,-4.5485907,-1.0984694
2019-06-13 19:50:17,111302,2.6058204,-4.254439,-3.2139957
2019-06-13 19:50:17,111403,15.575296,-11.505921,3.0705159
2019-06-13 19:50:17,111502,8.291235,-5.03469,-0.16409859
2019-06-13 19:50:18,111603,2.7082155,3.2536626,1.5797133
2019-06-13 19:50:18,111703,8.520936,-7.9405327,-1.1744996
2019-06-13 19:50:18,111802,10.136887,-12.55051,1.9754272
2019-06-13 19:50:18,111902,8.266498,-4.339194,5.3516917
2019-06-13 19:50:18,112003,4.647806,-4.721806,0.7303177
2019-06-13 19:50:18,112102,7.5163183,-8.13928,3.377261
2019-06-13 19:50:18,112202,6.0201817,-7.1790905,1.8642117
2019-06-13 19:50:18,112302,5.890138,-7.781117,-0.5430911
2019-06-13 19:50:18,112402,8.389168,-6.919042,0.6304412
2019-06-13 19:50:18,112503,6.001143,-8.093311,-0.77859443
2019-06-13 19:50:19,113006,6.4548063,-7.5626225,0.3102694
2019-06-13 19:50:19,113006,6.4548063,-7.5626225,0.3102694
2019-06-13 19:50:19,113006,6.4548063,-7.5626225,0.3102694
2019-06-13 19:50:19,113006,6.4548063,-7.5626225,0.3102694
2019-06-13 19:50:19,113006,6.4548063,-7.5626225,0.3102694
2019-06-13 19:50:19,113102,7.785657,-5.6301856,-0.039111678
2019-06-13 19:50:19,113202,6.3646407,-6.94963,0.02339614
2019-06-13 19:50:19,113303,6.961879,-6.8706408,0.22168393
2019-06-13 19:50:19,113402,8.722038,-8.513024,-0.17329231
2019-06-13 19:50:19,113502,5.9763775,-4.3510118,-0.6996432
2019-06-13 19:50:20,113603,4.004829,-2.141489,-0.206792
2019-06-13 19:50:20,113702,7.0737743,-9.919206,-1.7230686
2019-06-13 19:50:24,117830,10.966775,-13.516878,1.5252885
2019-06-13 19:50:24,117830,10.966775,-13.516878,1.5252885
2019-06-13 19:50:24,117830,10.966775,-13.516878,1.5252885
2019-06-13 19:50:24,117830,10.966775,-13.516878,1.5252885
2019-06-13 19:50:24,117830,10.966775,-13.516878,1.5252885
2019-06-13 19:50:24,117830,10.966775,-13.516878,1.5252885
2019-06-13 19:50:24,117830,10.966775,-13.516878,1.5252885
2019-06-13 19:50:24,117830,10.966775,-13.516878,1.5252885
2019-06-13 19:50:24,117830,10.966775,-13.516878,1.5252885
2019-06-13 19:50:24,117830,10.966775,-13.516878,1.5252885
2019-06-13 19:50:24,117830,10.966775,-13.516878,1.5252885
2019-06-13 19:50:24,117830,10.966775,-13.516878,1.5252885
2019-06-13 19:50:24,117830,10.966775,-13.516878,1.5252885
2019-06-13 19:50:24,117830,10.966775,-13.516878,1.5252885
2019-06-13 19:50:24,117830,10.966775,-13.516878,1.5252885
2019-06-13 19:50:24,117830,10.966775,-13.516878,1.5252885
2019-06-13 19:50:24,117830,10.966775,-13.516878,1.5252885
2019-06-13 19:50:24,117830,10.966775,-13.516878,1.5252885
2019-06-13 19:50:24,117830,10.966775,-13.516878,1.5252885
2019-06-13 19:50:24,117830,10.966775,-13.516878,1.5252885
2019-06-13 19:50:24,117830,10.966775,-13.516878,1.5252885
2019-06-13 19:50:24,117830,10.966775,-13.516878,1.5252885
2019-06-13 19:50:24,117830,10.966775,-13.516878,1.5252885
2019-06-13 19:50:24,117830,10.966775,-13.516878,1.5252885
2019-06-13 19:50:24,117830,10.966775,-13.516878,1.5252885
2019-06-13 19:50:24,117830,10.966775,-13.516878,1.5252885
2019-06-13 19:50:24,117830,10.966775,-13.516878,1.5252885
2019-06-13 19:50:24,117830,10.966775,-13.516878,1.5252885
2019-06-13 19:50:24,117830,10.966775,-13.516878,1.5252885
2019-06-13 19:50:24,117830,10.966775,-13.516878,1.5252885
2019-06-13 19:50:24,117830,10.966775,-13.516878,1.5252885
2019-06-13 19:50:24,117830,10.966775,-13.516878,1.5252885
2019-06-13 19:50:24,117830,10.966775,-13.516878,1.5252885
2019-06-13 19:50:24,117830,10.966775,-13.516878,1.5252885
2019-06-13 19:50:24,117830,10.966775,-13.516878,1.5252885
2019-06-13 19:50:24,117830,10.966775,-13.516878,1.5252885
2019-06-13 19:50:24,117830,10.966775,-13.516878,1.5252885
2019-06-13 19:50:24,117830,10.966775,-13.516878,1.5252885
2019-06-13 19:50:24,117830,10.966775,-13.516878,1.5252885
2019-06-13 19:50:24,117830,10.966775,-13.516878,1.5252885
2019-06-13 19:50:24,117830,10.966775,-13.516878,1.5252885
2019-06-13 19:50:29,122855,2.3371336,-7.502988,1.3265889
2019-06-13 19:50:29,122855,2.3371336,-7.502988,1.3265889
2019-06-13 19:50:29,122855,2.3371336,-7.502988,1.3265889
2019-06-13 19:50:29,122855,2.3371336,-7.502988,1.3265889
2019-06-13 19:50:29,122855,2.3371336,-7.502988,1.3265889
2019-06-13 19:50:29,122855,2.3371336,-7.502988,1.3265889
2019-06-13 19:50:29,122855,2.3371336,-7.502988,1.3265889
2019-06-13 19:50:29,122855,2.3371336,-7.502988,1.3265889
2019-06-13 19:50:29,122855,2.3371336,-7.502988,1.3265889
2019-06-13 19:50:29,122855,2.3371336,-7.502988,1.3265889
2019-06-13 19:50:29,122855,2.3371336,-7.502988,1.3265889
2019-06-13 19:50:29,122855,2.3371336,-7.502988,1.3265889
2019-06-13 19:50:29,122855,2.3371336,-7.502988,1.3265889
2019-06-13 19:50:29,122855,2.3371336,-7.502988,1.3265889
2019-06-13 19:50:29,122855,2.3371336,-7.502988,1.3265889
2019-06-13 19:50:29,122855,2.3371336,-7.502988,1.3265889
2019-06-13 19:50:29,122855,2.3371336,-7.502988,1.3265889
2019-06-13 19:50:29,122855,2.3371336,-7.502988,1.3265889
2019-06-13 19:50:29,122855,2.3371336,-7.502988,1.3265889
2019-06-13 19:50:29,122855,2.3371336,-7.502988,1.3265889
2019-06-13 19:50:29,122855,2.3371336,-7.502988,1.3265889
2019-06-13 19:50:29,122855,2.3371336,-7.502988,1.3265889
2019-06-13 19:50:29,122855,2.3371336,-7.502988,1.3265889
2019-06-13 19:50:29,122855,2.3371336,-7.502988,1.3265889
2019-06-13 19:50:29,122855,2.3371336,-7.502988,1.3265889
2019-06-13 19:50:29,122855,2.3371336,-7.502988,1.3265889
2019-06-13 19:50:29,122855,2.3371336,-7.502988,1.3265889
2019-06-13 19:50:29,122855,2.3371336,-7.502988,1.3265889
2019-06-13 19:50:29,122855,2.3371336,-7.502988,1.3265889
2019-06-13 19:50:29,122855,2.3371336,-7.502988,1.3265889
2019-06-13 19:50:29,122855,2.3371336,-7.502988,1.3265889
2019-06-13 19:50:29,122855,2.3371336,-7.502988,1.3265889
2019-06-13 19:50:29,122855,2.3371336,-7.502988,1.3265889
2019-06-13 19:50:29,122855,2.3371336,-7.502988,1.3265889
2019-06-13 19:50:29,122855,2.3371336,-7.502988,1.3265889
2019-06-13 19:50:29,122855,2.3371336,-7.502988,1.3265889
2019-06-13 19:50:29,122855,2.3371336,-7.502988,1.3265889
2019-06-13 19:50:29,122855,2.3371336,-7.502988,1.3265889
2019-06-13 19:50:29,122855,2.3371336,-7.502988,1.3265889
2019-06-13 19:50:29,122855,2.3371336,-7.502988,1.3265889
2019-06-13 19:50:29,122855,2.3371336,-7.502988,1.3265889
2019-06-13 19:50:29,122855,2.3371336,-7.502988,1.3265889
2019-06-13 19:50:29,122855,2.3371336,-7.502988,1.3265889
2019-06-13 19:50:29,122855,2.3371336,-7.502988,1.3265889
2019-06-13 19:50:29,122855,2.3371336,-7.502988,1.3265889
2019-06-13 19:50:29,122855,2.3371336,-7.502988,1.3265889
2019-06-13 19:50:29,122855,2.3371336,-7.502988,1.3265889
2019-06-13 19:50:29,122855,2.3371336,-7.502988,1.3265889
2019-06-13 19:50:29,122855,2.3371336,-7.502988,1.3265889
2019-06-13 19:50:29,122855,2.3371336,-7.502988,1.3265889
2019-06-13 19:50:29,122902,-1.2776227,2.2635932,11.0044985
2019-06-13 19:50:29,123003,-0.6428719,2.3824604,9.458275
2019-06-13 19:50:29,123102,-0.9668553,1.9822361,9.996568
2019-06-13 19:50:29,123202,-1.03735,2.0441024,9.805999
2019-06-13 19:50:29,123302,-1.2563813,1.8081107,10.45502
2019-06-13 19:50:29,123402,-1.3564589,2.0923312,9.883092
2019-06-13 19:50:29,123502,-2.084526,3.1423514,8.26442
